============================= test session starts ==============================
platform linux -- Python 3.12.3, pytest-9.1.1, pluggy-1.6.0
rootdir: /work/tomohiro-w/utg
configfile: pyproject.toml
plugins: requests-mock-1.12.1, Faker-40.28.1, anyio-4.14.0
collected 328 items

passed/test_0004.py F                                                    [  0%]
passed/test_0006.py F                                                    [  0%]
passed/test_0012.py F                                                    [  0%]
passed/test_0022.py .                                                    [  1%]
passed/test_0025.py ..                                                   [  1%]
passed/test_0033.py .                                                    [  2%]
passed/test_0041.py F                                                    [  2%]
passed/test_0060.py F.                                                   [  3%]
passed/test_0062.py F                                                    [  3%]
passed/test_0076.py ...FFFFFFFF                                          [  6%]
passed/test_0090.py F                                                    [  7%]
passed/test_0115.py ..                                                   [  7%]
passed/test_0117.py F                                                    [  7%]
passed/test_0118.py ......                                               [  9%]
passed/test_0123.py .                                                    [ 10%]
passed/test_0127.py F                                                    [ 10%]
passed/test_0134.py ..F                                                  [ 11%]
passed/test_0135.py ....                                                 [ 12%]
passed/test_0136.py ....                                                 [ 13%]
passed/test_0137.py ....                                                 [ 14%]
passed/test_0140.py ..                                                   [ 15%]
passed/test_0143.py .                                                    [ 15%]
passed/test_0148.py .                                                    [ 16%]
passed/test_0149.py .                                                    [ 16%]
passed/test_0153.py F                                                    [ 16%]
passed/test_0157.py F                                                    [ 17%]
passed/test_0163.py F                                                    [ 17%]
passed/test_0174.py F                                                    [ 17%]
passed/test_0175.py ..                                                   [ 18%]
passed/test_0198.py F                                                    [ 18%]
passed/test_0199.py ..                                                   [ 19%]
passed/test_0206.py ...                                                  [ 20%]
passed/test_0207.py ..                                                   [ 20%]
passed/test_0233.py ..                                                   [ 21%]
passed/test_0240.py F                                                    [ 21%]
passed/test_0245.py F                                                    [ 21%]
passed/test_0255.py F                                                    [ 22%]
passed/test_0268.py F                                                    [ 22%]
passed/test_0276.py ..                                                   [ 23%]
passed/test_0279.py .                                                    [ 23%]
passed/test_0287.py F                                                    [ 23%]
passed/test_0294.py F                                                    [ 24%]
passed/test_0297.py ..                                                   [ 24%]
passed/test_0298.py F                                                    [ 25%]
passed/test_0304.py F                                                    [ 25%]
passed/test_0305.py F                                                    [ 25%]
passed/test_0310.py F                                                    [ 25%]
passed/test_0321.py F..                                                  [ 26%]
passed/test_0322.py F                                                    [ 27%]
passed/test_0327.py F.                                                   [ 27%]
passed/test_0331.py .                                                    [ 28%]
passed/test_0339.py F                                                    [ 28%]
passed/test_0342.py ...                                                  [ 29%]
passed/test_0352.py F                                                    [ 29%]
passed/test_0358.py F                                                    [ 29%]
passed/test_0359.py F                                                    [ 30%]
passed/test_0360.py F                                                    [ 30%]
passed/test_0364.py ..                                                   [ 31%]
passed/test_0367.py F                                                    [ 31%]
passed/test_0399.py ...                                                  [ 32%]
passed/test_0400.py ....                                                 [ 33%]
passed/test_0416.py ...                                                  [ 34%]
passed/test_0428.py .                                                    [ 34%]
passed/test_0444.py F                                                    [ 35%]
passed/test_0447.py F                                                    [ 35%]
passed/test_0450.py F                                                    [ 35%]
passed/test_0451.py F                                                    [ 35%]
passed/test_0453.py F                                                    [ 36%]
passed/test_0468.py .                                                    [ 36%]
passed/test_0473.py ..                                                   [ 37%]
passed/test_0474.py F..                                                  [ 38%]
passed/test_0485.py F                                                    [ 38%]
passed/test_0486.py .                                                    [ 38%]
passed/test_0507.py FFF                                                  [ 39%]
passed/test_0508.py F..F                                                 [ 40%]
passed/test_0514.py ....                                                 [ 42%]
passed/test_0517.py F                                                    [ 42%]
passed/test_0525.py ...                                                  [ 43%]
passed/test_0531.py ...F                                                 [ 44%]
passed/test_0552.py .......                                              [ 46%]
passed/test_0558.py F.                                                   [ 47%]
passed/test_0570.py FF                                                   [ 47%]
passed/test_0598.py FFF                                                  [ 48%]
passed/test_0607.py F                                                    [ 49%]
passed/test_0613.py F                                                    [ 49%]
passed/test_0617.py F                                                    [ 49%]
passed/test_0628.py F                                                    [ 50%]
passed/test_0642.py F                                                    [ 50%]
passed/test_0644.py .                                                    [ 50%]
passed/test_0651.py F                                                    [ 50%]
passed/test_0661.py .                                                    [ 51%]
passed/test_0663.py .                                                    [ 51%]
passed/test_0668.py .                                                    [ 51%]
passed/test_0671.py ...........                                          [ 55%]
passed/test_0679.py F                                                    [ 55%]
passed/test_0685.py F                                                    [ 55%]
passed/test_0688.py .                                                    [ 56%]
passed/test_0693.py .                                                    [ 56%]
passed/test_0694.py .                                                    [ 56%]
passed/test_0696.py F                                                    [ 57%]
passed/test_0697.py F                                                    [ 57%]
passed/test_0701.py F                                                    [ 57%]
passed/test_0703.py F                                                    [ 57%]
passed/test_0704.py F                                                    [ 58%]
passed/test_0707.py F                                                    [ 58%]
passed/test_0708.py F                                                    [ 58%]
passed/test_0713.py F                                                    [ 59%]
passed/test_0720.py FFFF.                                                [ 60%]
passed/test_0731.py .                                                    [ 60%]
passed/test_0738.py ....                                                 [ 62%]
passed/test_0739.py FF.FF                                                [ 63%]
passed/test_0741.py ...                                                  [ 64%]
passed/test_0748.py F                                                    [ 64%]
passed/test_0752.py F                                                    [ 65%]
passed/test_0755.py F.F                                                  [ 66%]
passed/test_0756.py F                                                    [ 66%]
passed/test_0762.py .                                                    [ 66%]
passed/test_0766.py FFFF                                                 [ 67%]
passed/test_0773.py .                                                    [ 68%]
passed/test_0779.py .                                                    [ 68%]
passed/test_0783.py F                                                    [ 68%]
passed/test_0797.py F                                                    [ 69%]
passed/test_0801.py ...                                                  [ 70%]
passed/test_0810.py F                                                    [ 70%]
passed/test_0811.py F                                                    [ 70%]
passed/test_0819.py .                                                    [ 71%]
passed/test_0820.py ..                                                   [ 71%]
passed/test_0821.py ..                                                   [ 72%]
passed/test_0824.py .                                                    [ 72%]
passed/test_0825.py .                                                    [ 72%]
passed/test_0831.py .F.F                                                 [ 74%]
passed/test_0834.py F                                                    [ 74%]
passed/test_0842.py ........                                             [ 76%]
passed/test_0846.py F                                                    [ 77%]
passed/test_0855.py ...F                                                 [ 78%]
passed/test_0860.py .                                                    [ 78%]
passed/test_0864.py F                                                    [ 78%]
passed/test_0871.py F                                                    [ 79%]
passed/test_0872.py F                                                    [ 79%]
passed/test_0873.py .FF..F                                               [ 81%]
passed/test_0875.py FF..                                                 [ 82%]
passed/test_0876.py ..                                                   [ 83%]
passed/test_0905.py .                                                    [ 83%]
passed/test_0906.py .                                                    [ 83%]
passed/test_0934.py .                                                    [ 84%]
passed/test_0938.py ....                                                 [ 85%]
passed/test_0948.py .                                                    [ 85%]
passed/test_0951.py F                                                    [ 85%]
passed/test_0954.py .                                                    [ 86%]
passed/test_0958.py F                                                    [ 86%]
passed/test_0960.py ..F...                                               [ 88%]
passed/test_0970.py ....F                                                [ 89%]
passed/test_0971.py ...                                                  [ 90%]
passed/test_0980.py F                                                    [ 91%]
passed/test_1019.py ...F                                                 [ 92%]
passed/test_1022.py .....                                                [ 93%]
passed/test_1037.py .                                                    [ 94%]
passed/test_1052.py ...                                                  [ 95%]
passed/test_1062.py F                                                    [ 95%]
passed/test_1072.py F                                                    [ 95%]
passed/test_1080.py F                                                    [ 96%]
passed/test_1083.py FFF                                                  [ 96%]
passed/test_1093.py .                                                    [ 97%]
passed/test_1094.py .                                                    [ 97%]
passed/test_1099.py ....                                                 [ 98%]
passed/test_1102.py .                                                    [ 99%]
passed/test_1117.py F                                                    [ 99%]
passed/test_1139.py F                                                    [ 99%]
passed/test_1140.py .                                                    [100%]

=================================== FAILURES ===================================
________________________________ test_task_func ________________________________

    def test_task_func():
        LETTERS = ['A', 'B', 'C']
        random_dict = task_func(LETTERS)
        assert isinstance(random_dict, dict)
        assert all(isinstance(key, str) for key in random_dict.keys())
>       assert all(isinstance(value, list) for value in random_dict.values())
E       assert False
E        +  where False = all(<generator object test_task_func.<locals>.<genexpr> at 0x7d3b6b5b4580>)

passed/test_0004.py:9: AssertionError
________________________________ test_task_func ________________________________

    def test_task_func():
        random_dict = task_func()
        assert isinstance(random_dict, dict)
        assert all(isinstance(k, str) and k.isalpha() for k in random_dict.keys())
>       assert all(isinstance(v, list) and all(isinstance(i, int) for i in v) for v in random_dict.values())
E       assert False
E        +  where False = all(<generator object test_task_func.<locals>.<genexpr> at 0x7d3b6b5b5460>)

passed/test_0006.py:8: AssertionError
________________________________ test_task_func ________________________________

    def test_task_func():
        T1 = [[1, 2, 3], [4, 5, 6], [7, 8, 9]]
        max_value = 100
        expected_p25 = 25
        expected_p50 = 50
        expected_p75 = 75
    
        p25, p50, p75 = task_func(T1, max_value)
    
>       assert p25 == expected_p25
E       assert np.float64(21.0) == 25

passed/test_0012.py:13: AssertionError
________________________________ test_task_func ________________________________

    def test_task_func():
        data_matrix = pd.DataFrame({"Feature 1": [1, 2, 3], "Feature 2": [4, 5, 6], "Feature 3": [7, 8, 9]})
        expected_df = pd.DataFrame({"Feature 1": [1, 2, 3], "Feature 2": [4, 5, 6], "Feature 3": [7, 8, 9]})
        expected_ax = sns.heatmap(expected_df.corr(), annot=True, fmt=".2f")
        df, ax = task_func(data_matrix)
>       assert df.equals(expected_df)
E       assert False
E        +  where False = equals(   Feature 1  Feature 2  Feature 3\n0          1          4          7\n1          2          5          8\n2          3          6          9)
E        +    where equals =    Feature 1  Feature 2  Feature 3  Mean\n0  -1.224745        0.0   1.224745   0.0\n1  -1.224745        0.0   1.224745   0.0\n2  -1.224745        0.0   1.224745   0.0.equals

passed/test_0041.py:12: AssertionError
__________________________ test_task_func_valid_input __________________________

    def test_task_func_valid_input():
        page_title = "Python (programming language)"
        ax = task_func(page_title)
>       assert ax is not None
E       assert None is not None

passed/test_0060.py:7: AssertionError
----------------------------- Captured stdout call -----------------------------
An error occured: Expecting value: line 1 column 1 (char 0)
________________________________ test_task_func ________________________________

    def test_task_func():
        # Test case 1: Test that the function returns the correct square roots
        result = [{'from_user': 1}, {'from_user': 4}, {'from_user': 9}]
        expected_square_roots = np.round(np.sqrt([1, 4, 9]), 2)
        square_roots, ax = task_func(result)
        assert np.array_equal(square_roots, expected_square_roots)
    
        # Test case 2: Test that the function plots the correct data
        assert ax.get_title() == 'Square root plot'
        assert ax.get_xlabel() == 'x'
        assert ax.get_ylabel() == 'sqrt(x)'
>       assert ax.get_xlim() == (0, 10)
E       assert (np.float64(0....float64(9.4)) == (0, 10)
E         
E         At index 0 diff: np.float64(0.6) != 0
E         Use -v to get more diff

passed/test_0062.py:18: AssertionError
__________________________ test_task_func_fruits_none __________________________

    def test_task_func_fruits_none():
        df = pd.DataFrame()
        result_df, plot = task_func(df)
>       assert result_df.shape == (25, 3)
E       assert (35, 3) == (25, 3)
E         
E         At index 0 diff: 35 != 25
E         Use -v to get more diff

passed/test_0076.py:25: AssertionError
___________________________ test_task_func_days_none ___________________________

    def test_task_func_days_none():
        df = pd.DataFrame()
        result_df, plot = task_func(df, days=None)
>       assert result_df.shape == (25, 3)
E       assert (35, 3) == (25, 3)
E         
E         At index 0 diff: 35 != 25
E         Use -v to get more diff

passed/test_0076.py:31: AssertionError
_________________________ test_task_func_seed_not_none _________________________

    def test_task_func_seed_not_none():
        df = pd.DataFrame()
        result_df, plot = task_func(df, seed=123)
>       assert result_df.shape == (25, 3)
E       assert (35, 3) == (25, 3)
E         
E         At index 0 diff: 35 != 25
E         Use -v to get more diff

passed/test_0076.py:37: AssertionError
_______________ test_task_func_sales_lower_bound_and_upper_bound _______________

    def test_task_func_sales_lower_bound_and_upper_bound():
        df = pd.DataFrame()
        result_df, plot = task_func(df, sales_lower_bound=10, sales_upper_bound=20)
>       assert result_df.shape == (25, 3)
E       assert (35, 3) == (25, 3)
E         
E         At index 0 diff: 35 != 25
E         Use -v to get more diff

passed/test_0076.py:43: AssertionError
________________________ test_task_func_fruits_and_days ________________________

    def test_task_func_fruits_and_days():
        df = pd.DataFrame()
        result_df, plot = task_func(df, fruits=['Apple', 'Banana'], days=[datetime(2024, 1, 1) + timedelta(days=x) for x in range(7)])
>       assert result_df.shape == (25, 3)
E       assert (14, 3) == (25, 3)
E         
E         At index 0 diff: 14 != 25
E         Use -v to get more diff

passed/test_0076.py:49: AssertionError
___________________ test_task_func_fruits_and_days_and_seed ____________________

    def test_task_func_fruits_and_days_and_seed():
        df = pd.DataFrame()
        result_df, plot = task_func(df, fruits=['Apple', 'Banana'], days=[datetime(2024, 1, 1) + timedelta(days=x) for x in range(7)], seed=123)
>       assert result_df.shape == (25, 3)
E       assert (14, 3) == (25, 3)
E         
E         At index 0 diff: 14 != 25
E         Use -v to get more diff

passed/test_0076.py:55: AssertionError
_____ test_task_func_fruits_and_days_and_sales_lower_bound_and_upper_bound _____

    def test_task_func_fruits_and_days_and_sales_lower_bound_and_upper_bound():
        df = pd.DataFrame()
        result_df, plot = task_func(df, fruits=['Apple', 'Banana'], days=[datetime(2024, 1, 1) + timedelta(days=x) for x in range(7)], sales_lower_bound=10, sales_upper_bound=20)
>       assert result_df.shape == (25, 3)
E       assert (14, 3) == (25, 3)
E         
E         At index 0 diff: 14 != 25
E         Use -v to get more diff

passed/test_0076.py:61: AssertionError
_ test_task_func_fruits_and_days_and_seed_and_sales_lower_bound_and_upper_bound _

    def test_task_func_fruits_and_days_and_seed_and_sales_lower_bound_and_upper_bound():
        df = pd.DataFrame()
        result_df, plot = task_func(df, fruits=['Apple', 'Banana'], days=[datetime(2024, 1, 1) + timedelta(days=x) for x in range(7)], seed=123, sales_lower_bound=10, sales_upper_bound=20)
>       assert result_df.shape == (25, 3)
E       assert (14, 3) == (25, 3)
E         
E         At index 0 diff: 14 != 25
E         Use -v to get more diff

passed/test_0076.py:67: AssertionError
________________________________ test_task_func ________________________________

    def test_task_func():
        # Test case 1: No outliers
        data = np.array([[1, 2], [3, 4], [5, 6]])
        column = 0
        outlier_z_score = 3
        expected_data_copy = np.array([[1, 2], [3, 4], [5, 6]])
        expected_data_without_outliers = np.array([[1, 2], [3, 4], [5, 6]])
        expected_outliers = np.array([])
    
        data_copy, data_without_outliers, outliers = task_func(data, column, outlier_z_score)
    
        assert np.array_equal(data_copy, expected_data_copy)
        assert np.array_equal(data_without_outliers, expected_data_without_outliers)
>       assert np.array_equal(outliers, expected_outliers)
E       assert False
E        +  where False = <function array_equal at 0x7d3cdc50deb0>((array([], dtype=int64), array([], dtype=int64)), array([], dtype=float64))
E        +    where <function array_equal at 0x7d3cdc50deb0> = np.array_equal

passed/test_0090.py:19: AssertionError
________________________________ test_task_func ________________________________

    def test_task_func():
        # Test case 1: mu = 0, sigma = 1, sample_size = 100
        mu = 0
        sigma = 1
        sample_size = 100
        samples = task_func(mu, sigma, sample_size)
>       assert np.allclose(np.mean(samples), mu)
E       assert False
E        +  where False = <function allclose at 0x7d3cdc50dc30>(np.float64(0.045286305897900704), 0)
E        +    where <function allclose at 0x7d3cdc50dc30> = np.allclose
E        +    and   np.float64(0.045286305897900704) = <function mean at 0x7d3cdc5026b0>(array([-0.67888615, -0.09470897,  1.49138963, -0.638902  , -0.44398196,\n       -0.43435128,  2.20593008,  2.18678609, ...788793,  0.71226464,  2.59830393, -0.02462598,\n        0.03414213,  0.17954948, -1.86197571,  0.42614664, -1.60540974]))
E        +      where <function mean at 0x7d3cdc5026b0> = np.mean

passed/test_0117.py:11: AssertionError
________________________________ test_task_func ________________________________

    def test_task_func():
        # Test with default arguments
        report_df = task_func()
        assert report_df.shape == (5, 5)
        assert report_df.columns.tolist() == ['Animal', 'Mean', 'Median', 'Mode', 'Standard Deviation']
        assert report_df['Animal'].tolist() == ['Lion', 'Elephant', 'Tiger', 'Giraffe', 'Panda']
>       assert report_df['Mean'].tolist() == [50, 50, 50, 50, 50]
E       assert [42.0, 44.4, 61.1, 51.8, 35.8] == [50, 50, 50, 50, 50]
E         
E         At index 0 diff: 42.0 != 50
E         Use -v to get more diff

passed/test_0127.py:10: AssertionError
______________________ test_task_func_input_non_empty_df _______________________

    def test_task_func_input_non_empty_df():
        df = pd.DataFrame({'a': [1, 2, 3], 'b': [4, 5, 6]})
        normalized_df, ax = task_func(df)
        assert isinstance(normalized_df, pd.DataFrame)
        assert isinstance(ax, plt.Axes)
        assert normalized_df.shape == (3, 2)
        assert normalized_df.columns.tolist() == ['a', 'b']
>       assert normalized_df['a'].tolist() == [0, 0.5, 1]
E       assert [1, 2, 3] == [0, 0.5, 1]
E         
E         At index 0 diff: 1 != 0
E         Use -v to get more diff

passed/test_0134.py:23: AssertionError
________________________________ test_task_func ________________________________

    def test_task_func():
        grades_df = task_func()
>       assert grades_df.shape == (8, 9)
E       assert (8, 10) == (8, 9)
E         
E         At index 1 diff: 10 != 9
E         Use -v to get more diff

passed/test_0153.py:6: AssertionError
________________________________ test_task_func ________________________________

    def test_task_func():
        data = pd.DataFrame({'A': [1, 2, 3, 4, 5], 'B': [6, 7, 8, 9, 10], 'C': [11, 12, 13, 14, 15], 'D': [16, 17, 18, 19, 20], 'E': [21, 22, 23, 24, 25], 'F': [26, 27, 28, 29, 30], 'G': [31, 32, 33, 34, 35], 'H': [36, 37, 38, 39, 40]})
        expected_df = pd.DataFrame({'A': [1, 2, 3, 4, 5], 'B': [6, 7, 8, 9, 10], 'C': [11, 12, 13, 14, 15], 'D': [16, 17, 18, 19, 20], 'E': [21, 22, 23, 24, 25], 'F': [26, 27, 28, 29, 30], 'G': [31, 32, 33, 34, 35], 'H': [36, 37, 38, 39, 40], 'Average': [15.5, 16.5, 17.5, 18.5, 19.5]})
        expected_ax = plt.subplots()[1]
    
        df, ax = task_func(data)
    
>       assert df.equals(expected_df)
E       assert False
E        +  where False = equals(   A   B   C   D   E   F   G   H  Average\n0  1   6  11  16  21  26  31  36     15.5\n1  2   7  12  17  22  27  32  37  ... 8  13  18  23  28  33  38     17.5\n3  4   9  14  19  24  29  34  39     18.5\n4  5  10  15  20  25  30  35  40     19.5)
E        +    where equals =       A     B     C     D     E     F     G     H  Average\n0  0.00  0.00  0.00  0.00  0.00  0.00  0.00  0.00     0.00\n...0\n3  0.75  0.75  0.75  0.75  0.75  0.75  0.75  0.75     0.75\n4  1.00  1.00  1.00  1.00  1.00  1.00  1.00  1.00     1.00.equals

passed/test_0157.py:14: AssertionError
________________________________ test_task_func ________________________________

    def test_task_func():
        # Test case 1: Empty string
        text = ""
        ax = task_func(text)
        assert ax.get_title() == "Distribution of Word Lengths"
        assert ax.get_xlabel() == "Word Length"
        assert ax.get_ylabel() == "Frequency"
>       assert ax.get_xlim() == (0, 0)
E       assert (np.float64(-...000000000001)) == (0, 0)
E         
E         At index 0 diff: np.float64(-0.05500000000000001) != 0
E         Use -v to get more diff

passed/test_0163.py:11: AssertionError
________________________________ test_task_func ________________________________

    def test_task_func():
        country_dict = {'USA': 'United States', 'UK': 'United Kingdom', 'China': 'People\'s Republic of China', 'Japan': 'Japan', 'Australia': 'Australia'}
        gdp_df = task_func(country_dict)
    
>       assert gdp_df.shape == (5, 1)
E       assert (2, 1) == (5, 1)
E         
E         At index 0 diff: 2 != 5
E         Use -v to get more diff

passed/test_0174.py:8: AssertionError
________________________________ test_task_func ________________________________

    def test_task_func():
        l1 = [1, 2, 3, 4, 5]
        l2 = [2, 4, 6, 8, 10]
        N = 3
    
        ax = task_func(l1, l2, N)
    
>       assert len(ax.get_lines()) == N
E       assert 1 == 3
E        +  where 1 = len(<a list of 1 Line2D objects>)
E        +    where <a list of 1 Line2D objects> = get_lines()
E        +      where get_lines = <Axes: >.get_lines

passed/test_0198.py:11: AssertionError
________________________________ test_task_func ________________________________

    def test_task_func():
        # Test case 1: Test that the function returns the correct values
        original = [(1, 2), (3, 4), (5, 6)]
        arr, computed_stats, ax = task_func(original)
        assert np.allclose(arr, np.array([2, 4, 6]))
        assert computed_stats['mean'] == 4
>       assert computed_stats['std'] == 2
E       assert np.float64(1.632993161855452) == 2

passed/test_0240.py:13: AssertionError
________________________________ test_task_func ________________________________

    def test_task_func():
        original = [(1, 2), (3, 4), (5, 6)]
        arr, fft_data, ax = task_func(original)
    
        assert np.array_equal(arr, np.array([2, 4, 6]))
>       assert np.array_equal(fft_data, np.array([1, 2, 3]))
E       assert False
E        +  where False = <function array_equal at 0x7d3cdc50deb0>(array([12.-0.j        , -3.+1.73205081j, -3.-1.73205081j]), array([1, 2, 3]))
E        +    where <function array_equal at 0x7d3cdc50deb0> = np.array_equal
E        +    and   array([1, 2, 3]) = <built-in function array>([1, 2, 3])
E        +      where <built-in function array> = np.array

passed/test_0245.py:10: AssertionError
________________________________ test_task_func ________________________________

    def test_task_func():
        # Test case 1: square root of 16
        decimal_value = 16
        precision = 2
        expected_result = '4.00'
        actual_result = task_func(decimal_value, precision)
>       assert actual_result == expected_result
E       assert '"4.0"' == '4.00'
E         
E         - 4.00
E         + "4.0"

passed/test_0255.py:10: AssertionError
________________________________ test_task_func ________________________________

    def test_task_func():
        # Test that the function returns the correct type
        assert isinstance(task_func(data={'a': 1, 'b': 2, 'c': 3}, sample_rate=8000), tuple)
    
        # Test that the function returns the correct values
        fft, ax = task_func(data={'a': 1, 'b': 2, 'c': 3}, sample_rate=8000)
>       assert np.allclose(fft, np.array([1, 2, 3]))
E       assert False
E        +  where False = <function allclose at 0x7d3cdc50dc30>(array([[ 0.        -0.j        ,  0.        +0.j        ,\n         0.        -0.j        ],\n       [ 0.00235619-0.j   ...68017j],\n       [-0.00235619-0.j        ,  0.00058905-0.00034009j,\n         0.00058905+0.00034009j]], shape=(16000, 3)), array([1, 2, 3]))
E        +    where <function allclose at 0x7d3cdc50dc30> = np.allclose
E        +    and   array([1, 2, 3]) = <built-in function array>([1, 2, 3])
E        +      where <built-in function array> = np.array

passed/test_0268.py:13: AssertionError
________________________________ test_task_func ________________________________

    def test_task_func():
        output_file = 'test_output.csv'
        test_directory = 'test_files'
        total_words = task_func(output_file, test_directory)
>       assert total_words == 10
E       assert 0 == 10

passed/test_0287.py:8: AssertionError
----------------------------- Captured stdout call -----------------------------
[Errno 2] No such file or directory: 'test_files'
________________________________ test_task_func ________________________________

    def test_task_func():
        elements = [1, 2, 3, 4, 5]
        subset_size = 3
        ax, combinations, sums = task_func(elements, subset_size)
        assert ax is not None
        assert len(combinations) == 10
        assert len(sums) == 10
>       assert all(sum(combination) == sum for combination in combinations)
E       assert False
E        +  where False = all(<generator object test_task_func.<locals>.<genexpr> at 0x7d3b6c8af2a0>)

passed/test_0294.py:11: AssertionError
________________________________ test_task_func ________________________________

    def test_task_func():
        elements = [1, 2, 3, 4, 5]
        subset_size = 2
        expected_result = {2: 2, 3: 1, 4: 1, 5: 1}
>       assert task_func(elements, subset_size) == expected_result
E       assert Counter({5: 2..., 8: 1, 9: 1}) == {2: 2, 3: 1, 4: 1, 5: 1}
E         
E         Omitting 2 identical items, use -vv to show
E         Differing items:
E         {5: 2} != {5: 1}
E         Left contains 4 more items:
E         {6: 2, 7: 2, 8: 1, 9: 1}
E         Right contains 1 more item:
E         {2: 2}
E         Use -v to get more diff

passed/test_0298.py:8: AssertionError
________________________________ test_task_func ________________________________

    def test_task_func():
        date_str = "2022-01-01"
        from_tz = "UTC"
        to_tz = "America/New_York"
        expected_moon_phase = 0.9999999999999999
    
        moon_phase = task_func(date_str, from_tz, to_tz)
    
>       assert moon_phase == expected_moon_phase
E       assert 0.4338837391175581 == 0.9999999999999999

passed/test_0304.py:12: AssertionError
________________________________ test_task_func ________________________________

    def test_task_func():
        # Test case 1: Empty dataframe
        df = pd.DataFrame()
        explained_variance_ratio, ax = task_func(df)
        assert explained_variance_ratio == 0
>       assert ax is None
E       assert 0 is None

passed/test_0305.py:12: AssertionError
________________________________ test_task_func ________________________________

    def test_task_func():
        # Test with a list of lists
        list_of_lists = [[1, 2, 3], [4, 5, 6], [7, 8, 9]]
        scaled_data = task_func(list_of_lists)
>       assert scaled_data == [[0.1, 0.2, 0.3], [0.4, 0.5, 0.6], [0.7, 0.8, 0.9]]
E       assert [[0.0, 0.5, 1....0, 0.5, 1.0]] == [[0.1, 0.2, 0....7, 0.8, 0.9]]
E         
E         At index 0 diff: [0.0, 0.5, 1.0] != [0.1, 0.2, 0.3]
E         Use -v to get more diff

passed/test_0310.py:8: AssertionError
_______________________ test_task_func_with_valid_input ________________________

    def test_task_func_with_valid_input():
        directory = "path/to/directory"
        file_list = ["file1.txt", "file2.txt"]
        expected_output = 0
        actual_output = task_func(directory, file_list)
>       assert actual_output == expected_output
E       assert None == 0

passed/test_0321.py:9: AssertionError
________________________________ test_task_func ________________________________

    def test_task_func():
        # Test case 1: No names found
        text = "This is a test text with no names."
        name_freqs, ax, skewness, kurtosis = task_func(text)
>       assert name_freqs.empty
E       assert False
E        +  where False = This is a test text with no names.    1\nName: count, dtype: int64.empty

passed/test_0322.py:8: AssertionError
___________________ test_task_func_with_valid_directory_path ___________________

    def test_task_func_with_valid_directory_path():
        directory_path = "path/to/directory"
        results = task_func(directory_path)
>       assert len(results) > 0
E       assert 0 > 0
E        +  where 0 = len([])

passed/test_0327.py:7: AssertionError
________________________________ test_task_func ________________________________

    def test_task_func():
        elements = ['a', 'b', 'c']
        seed = 100
        random_patterns, ax, char_count = task_func(elements, seed)
    
        assert len(random_patterns) == len(elements)
        assert all(isinstance(pattern, str) for pattern in random_patterns)
>       assert all(len(pattern) == 5 for pattern in random_patterns)
E       assert False
E        +  where False = all(<generator object test_task_func.<locals>.<genexpr> at 0x7d3c48e17030>)

passed/test_0339.py:11: AssertionError
________________________________ test_task_func ________________________________

    def test_task_func():
        product_list = ['Product 1', 'Product 2', 'Product 3']
        categories = ['Category 1', 'Category 2', 'Category 3']
        min_value = 10
        max_value = 100
    
        report_df = task_func(product_list, categories, min_value, max_value)
    
        assert report_df.shape[0] == len(product_list)
        assert report_df.shape[1] == 4
        assert report_df.columns.tolist() == ['Product', 'Category', 'Quantity Sold', 'Revenue']
        assert all(report_df['Product'].isin(product_list))
        assert all(report_df['Category'].isin(categories))
        assert all(report_df['Quantity Sold'] >= min_value)
        assert all(report_df['Quantity Sold'] <= max_value)
        assert all(report_df['Revenue'] >= min_value)
>       assert all(report_df['Revenue'] <= max_value)
E       assert False
E        +  where False = all(0     896\n1    3078\n2    2232\nName: Revenue, dtype: int64 <= 100)

passed/test_0352.py:20: AssertionError
________________________________ test_task_func ________________________________

    def test_task_func():
        x = np.array([1, 2, 3, 4, 5])
        complex_dist = task_func(x)
        assert isinstance(complex_dist, np.ndarray)
        assert complex_dist.shape == (5,)
>       assert np.allclose(complex_dist.real, np.array([0.39894228, 0.39894228, 0.39894228, 0.39894228, 0.39894228]))
E       assert False
E        +  where False = <function allclose at 0x7d3cdc50dc30>(array([2.41970725e-01, 5.39909665e-02, 4.43184841e-03, 1.33830226e-04,\n       1.48671951e-06]), array([0.39894228, 0.39894228, 0.39894228, 0.39894228, 0.39894228]))
E        +    where <function allclose at 0x7d3cdc50dc30> = np.allclose
E        +    and   array([2.41970725e-01, 5.39909665e-02, 4.43184841e-03, 1.33830226e-04,\n       1.48671951e-06]) = array([2.41970725e-01+0.17603266j, 5.39909665e-02+0.19947114j,\n       4.43184841e-03+0.17603266j, 1.33830226e-04+0.12098536j,\n       1.48671951e-06+0.0647588j ]).real
E        +    and   array([0.39894228, 0.39894228, 0.39894228, 0.39894228, 0.39894228]) = <built-in function array>([0.39894228, 0.39894228, 0.39894228, 0.39894228, 0.39894228])
E        +      where <built-in function array> = np.array

passed/test_0358.py:10: AssertionError
________________________________ test_task_func ________________________________

    def test_task_func():
        # Test case 1: Valid JSON string
        json_list = '{"number_list": [1, 2, 3, 4, 5]}'
        r = 2
        expected_output = [[1, 2], [1, 3], [1, 4], [1, 5], [2, 3], [2, 4], [2, 5], [3, 4], [3, 5], [4, 5]]
>       assert task_func(json_list, r) == expected_output
E       assert [(1, 2), (1, ..., (2, 4), ...] == [[1, 2], [1, ..., [2, 4], ...]
E         
E         At index 0 diff: (1, 2) != [1, 2]
E         Use -v to get more diff

passed/test_0359.py:9: AssertionError
________________________________ test_task_func ________________________________

    def test_task_func():
        data_dict = {'x': [1, 2, 3, 4, 5], 'y': [1, 4, 9, 16, 25]}
        data_keys = ['x', 'y']
        correlation, ax = task_func(data_dict, data_keys)
>       assert correlation == 1.0
E       assert np.float64(0.981104910251593) == 1.0

passed/test_0360.py:8: AssertionError
________________________________ test_task_func ________________________________

    def test_task_func():
        number_list = [1, 2, 3, 4, 5]
        bins = 5
        ax = task_func(number_list, bins)
        assert ax.get_title() == 'Histogram'
        assert ax.get_xlabel() == 'Number'
        assert ax.get_ylabel() == 'Frequency'
>       assert ax.get_xlim() == (1, 5)
E       assert (np.float64(0...999999999999)) == (1, 5)
E         
E         At index 0 diff: np.float64(0.7999999999999998) != 1
E         Use -v to get more diff

passed/test_0367.py:11: AssertionError
________________________________ test_task_func ________________________________

    def test_task_func():
        P = np.array([[1, 2, 3], [4, 5, 6], [7, 8, 9]])
        T = np.array([[[1, 2, 3], [4, 5, 6], [7, 8, 9]], [[10, 11, 12], [13, 14, 15], [16, 17, 18]], [[19, 20, 21], [22, 23, 24], [25, 26, 27]]])
        n_clusters = 3
        random_state = 0
        n_init = 10
    
        result, ax = task_func(P, T, n_clusters, random_state, n_init)
    
>       assert result.shape == (3, 3, 3)
E       assert (9,) == (3, 3, 3)
E         
E         At index 0 diff: 9 != 3
E         Right contains 2 more items, first extra item: 3
E         Use -v to get more diff

passed/test_0444.py:14: AssertionError
________________________________ test_task_func ________________________________

    def test_task_func():
        X, y, ax = task_func()
        assert len(X) == 100
        assert len(y) == 100
>       assert len(ax.get_children()) == 1
E       assert 11 == 1
E        +  where 11 = len([<matplotlib.collections.PathCollection object at 0x7d3bcecde1b0>, <matplotlib.spines.Spine object at 0x7d3bcd265730>,...3bcd2659d0>, <matplotlib.spines.Spine object at 0x7d3bcd265af0>, <matplotlib.axis.XAxis object at 0x7d3bcd265be0>, ...])
E        +    where [<matplotlib.collections.PathCollection object at 0x7d3bcecde1b0>, <matplotlib.spines.Spine object at 0x7d3bcd265730>,...3bcd2659d0>, <matplotlib.spines.Spine object at 0x7d3bcd265af0>, <matplotlib.axis.XAxis object at 0x7d3bcd265be0>, ...] = get_children()
E        +      where get_children = <Axes: >.get_children

passed/test_0447.py:8: AssertionError
________________________________ test_task_func ________________________________

    def test_task_func():
        data = pd.DataFrame({"Feature1": [1, 2, 3, 4, 5], "Feature2": [2, 4, 6, 8, 10], "Feature3": [3, 6, 9, 12, 15], "Feature4": [4, 8, 12, 16, 20], "Feature5": [5, 10, 15, 20, 25]})
        expected_data_standardized = pd.DataFrame({"Feature1": [-1.22474487, -0.4472136, 0.4472136, 1.22474487, 1.99999998], "Feature2": [-1.22474487, -0.4472136, 0.4472136, 1.22474487, 1.99999998], "Feature3": [-1.22474487, -0.4472136, 0.4472136, 1.22474487, 1.99999998], "Feature4": [-1.22474487, -0.4472136, 0.4472136, 1.22474487, 1.99999998], "Feature5": [-1.22474487, -0.4472136, 0.4472136, 1.22474487, 1.99999998]})
        expected_axes_list = [plt.subplots()[1], plt.subplots()[1], plt.subplots()[1], plt.subplots()[1], plt.subplots()[1]]
    
        data_standardized, axes_list = task_func(data)
    
>       assert data_standardized.equals(expected_data_standardized)
E       assert False
E        +  where False = equals(   Feature1  Feature2  Feature3  Feature4  Feature5\n0 -1.224745 -1.224745 -1.224745 -1.224745 -1.224745\n1 -0.447214 -0...47214  0.447214\n3  1.224745  1.224745  1.224745  1.224745  1.224745\n4  2.000000  2.000000  2.000000  2.000000  2.000000)
E        +    where equals =    Feature1  Feature2  Feature3  Feature4  Feature5\n0 -1.414214 -1.414214 -1.414214 -1.414214 -1.414214\n1 -0.707107 -0...00000  0.000000\n3  0.707107  0.707107  0.707107  0.707107  0.707107\n4  1.414214  1.414214  1.414214  1.414214  1.414214.equals

passed/test_0450.py:14: AssertionError
________________________________ test_task_func ________________________________

    def test_task_func():
        # Test with default parameters
        cdist, ax = task_func()
        assert cdist.shape == (200, 200)
        assert ax is not None
    
        # Test with custom parameters
        cdist, ax = task_func(n_samples=300, centers=5, plot_path='test.png', random_seed=42)
        assert cdist.shape == (300, 300)
>       assert ax is not None
E       assert None is not None

passed/test_0451.py:13: AssertionError
________________________________ test_task_func ________________________________

    def test_task_func():
        # Test that the function returns the correct number of outputs
        predictions, coefficients, intercept, mse = task_func()
>       assert len(predictions) == 100
E       assert 20 == 100
E        +  where 20 = len(array([-154.59247285, -124.05465394,  115.83460611,   19.12669861,\n         37.59238004,  -60.99433948,   -8.15993428,...70842,  -13.59098729,  356.45778625,  116.04736848,\n       -153.94497124,  -28.29607048,  192.72677024,  197.39663869]))

passed/test_0453.py:7: AssertionError
___________________ test_task_func_positive_walks_and_steps ____________________

    def test_task_func_positive_walks_and_steps():
        n_walks = 10
        n_steps = 10
        seed = 1234
        ax = task_func(n_walks, n_steps, seed)
>       assert ax.get_xlim() == (0, n_steps)
E       assert (np.float64(-...float64(9.45)) == (0, 10)
E         
E         At index 0 diff: np.float64(-0.45) != 0
E         Use -v to get more diff

passed/test_0474.py:9: AssertionError
________________________________ test_task_func ________________________________

    def test_task_func():
        start_time = 1000
        end_time = 2000
        step = 100
        columns = ["Timestamp", "Sensor1", "Sensor2", "Sensor3", "SensorStatus"]
        sensor_statuses = ["OK", "MAINTENANCE_REQUIRED", "ERROR"]
        random_seed = 42
    
        result = task_func(start_time, end_time, step, columns, sensor_statuses, random_seed)
    
        assert isinstance(result, pd.DataFrame)
>       assert result.shape == (11, 5)
E       assert (10, 5) == (11, 5)
E         
E         At index 0 diff: 10 != 11
E         Use -v to get more diff

passed/test_0485.py:19: AssertionError
_______________________ test_task_func_with_valid_input ________________________

    def test_task_func_with_valid_input():
        column = "Temperature"
        data = [
            ["2022-01-01", 20, 0.5, 5, 0],
            ["2022-01-02", 22, 0.6, 6, 0],
            ["2022-01-03", 18, 0.7, 7, 0],
        ]
        result = task_func(column, data)
    
        assert result["sum"] == 60
        assert result["mean"] == 20
>       assert result["min"] == 5
E       assert np.int64(18) == 5

passed/test_0507.py:19: AssertionError
______________________ test_task_func_with_invalid_input _______________________

    def test_task_func_with_invalid_input():
        column = "Temperature"
        data = [
            ["2022-01-01", 20, 0.5, 5, 0],
            ["2022-01-02", 22, 0.6, 6, 0],
            ["2022-01-03", 18, 0.7, 7, 0],
        ]
        result = task_func(column, data)
    
        assert result["sum"] == 60
        assert result["mean"] == 20
>       assert result["min"] == 5
E       assert np.int64(18) == 5

passed/test_0507.py:35: AssertionError
________________________ test_task_func_with_empty_data ________________________

    def test_task_func_with_empty_data():
        column = "Temperature"
        data = []
        result = task_func(column, data)
    
        assert result["sum"] == 0
>       assert result["mean"] == np.nan
E       assert nan == nan
E        +  where nan = np.nan

passed/test_0507.py:46: AssertionError
_________________________ test_task_func_valid_column __________________________

    def test_task_func_valid_column():
        data = [
            ["2022-01-01", 10, 20, 30, 40, 50],
            ["2022-01-02", 10, 20, 30, 40, 50],
            ["2022-01-03", 10, 20, 30, 40, 50],
        ]
        result = task_func("Open", data)
        assert result["sum"] == 30
        assert result["mean"] == 10
        assert result["min"] == 10
>       assert result["max"] == 40
E       assert np.int64(10) == 40

passed/test_0508.py:14: AssertionError
__________________________ test_task_func_empty_data ___________________________

    def test_task_func_empty_data():
        data = []
        result = task_func("Open", data)
        assert result["sum"] == 0
>       assert result["mean"] == 0
E       assert nan == 0

passed/test_0508.py:38: AssertionError
________________________________ test_task_func ________________________________

    def test_task_func():
        # Test case 1: Valid input
        array = [[1, 2, 3, 4, 5], [6, 7, 8, 9, 10]]
        df, results = task_func(array)
        assert isinstance(df, pd.DataFrame)
        assert isinstance(results, sm.regression.linear_model.RegressionResultsWrapper)
    
        # Test case 2: Invalid input
        array = [[1, 2, 3, 4], [6, 7, 8, 9]]
        with pytest.raises(ValueError):
            task_func(array)
    
        # Test case 3: Random seed
        array = [[1, 2, 3, 4, 5], [6, 7, 8, 9, 10]]
        df1, results1 = task_func(array, random_seed=0)
        df2, results2 = task_func(array, random_seed=1)
>       assert not np.array_equal(df1, df2)
E       assert not True
E        +  where True = <function array_equal at 0x7d3cdc50deb0>(   A  B  C  D  Response\n0  1  2  3  4         5\n1  6  7  8  9        10,    A  B  C  D  Response\n0  1  2  3  4         5\n1  6  7  8  9        10)
E        +    where <function array_equal at 0x7d3cdc50deb0> = np.array_equal

passed/test_0517.py:23: AssertionError
________________________ test_task_func_duplicate_names ________________________

    def test_task_func_duplicate_names():
        df = pd.DataFrame({"name": ["Alice", "Bob", "Charlie", "Alice"], "age": [20, 30, 40, 50]})
        duplicates_counter, ax = task_func(df)
>       assert duplicates_counter == Counter({20: 1, 30: 1, 40: 1, 50: 1})
E       assert Counter({20: 1, 50: 1}) == Counter({20: ...40: 1, 50: 1})
E         
E         Omitting 2 identical items, use -vv to show
E         Right contains 2 more items:
E         {30: 1, 40: 1}
E         Use -v to get more diff

passed/test_0531.py:28: AssertionError
__________________________ test_task_func_valid_input __________________________

    def test_task_func_valid_input():
        s_list = ["apple", "banana", "orange"]
        plot_path = "test_plot.png"
        expected_avg_scores = [0.5, 0.6, 0.7]
    
        avg_scores = task_func(s_list, plot_path)
    
>       assert avg_scores == expected_avg_scores
E       assert [np.float64(0...848484848485)] == [0.5, 0.6, 0.7]
E         
E         At index 0 diff: np.float64(0.2727272727272727) != 0.5
E         Use -v to get more diff

passed/test_0558.py:11: AssertionError
________________________________ test_task_func ________________________________

    def test_task_func():
        def func(x, y):
            return x + y
    
        info = task_func(func)
        assert info['function_name'] == 'func'
>       assert info['sqrt_args'] == 2
E       assert 1.4142135623730951 == 2

passed/test_0570.py:10: AssertionError
_________________________ test_task_func_with_defaults _________________________

    def test_task_func_with_defaults():
        def func(x, y=lambda x: x**2):
            return x + y
    
        info = task_func(func)
        assert info['function_name'] == 'func'
>       assert info['sqrt_args'] == 2
E       assert 1.4142135623730951 == 2

passed/test_0570.py:19: AssertionError
______________________ test_task_func[data0-j-expected0] _______________________

data =     Name
0   John
1   Jane
2    Jim
3  Jenny, letter = 'j'
expected = John    2
Jane    1
Jim     1
dtype: int64

    @pytest.mark.parametrize("data, letter, expected", [
        (pd.DataFrame({'Name': ['John', 'Jane', 'Jim', 'Jenny']}), 'j', pd.Series([2, 1, 1], index=['John', 'Jane', 'Jim'])),
        (pd.DataFrame({'Name': ['John', 'Jane', 'Jim', 'Jenny']}), 'a', pd.Series([1, 1, 1], index=['John', 'Jane', 'Jim'])),
        (pd.DataFrame({'Name': ['John', 'Jane', 'Jim', 'Jenny']}), 'z', pd.Series([0, 0, 0], index=['John', 'Jane', 'Jim'])),
    ])
    def test_task_func(data, letter, expected):
        result = task_func(data, letter)
>       assert result.equals(expected)
E       assert False
E        +  where False = equals(John    2\nJane    1\nJim     1\ndtype: int64)
E        +    where equals = Name\nJohn     1\nJane     1\nJim      1\nJenny    1\nName: count, dtype: int64.equals

passed/test_0598.py:12: AssertionError
______________________ test_task_func[data1-a-expected1] _______________________

data =     Name
0   John
1   Jane
2    Jim
3  Jenny, letter = 'a'
expected = John    1
Jane    1
Jim     1
dtype: int64

    @pytest.mark.parametrize("data, letter, expected", [
        (pd.DataFrame({'Name': ['John', 'Jane', 'Jim', 'Jenny']}), 'j', pd.Series([2, 1, 1], index=['John', 'Jane', 'Jim'])),
        (pd.DataFrame({'Name': ['John', 'Jane', 'Jim', 'Jenny']}), 'a', pd.Series([1, 1, 1], index=['John', 'Jane', 'Jim'])),
        (pd.DataFrame({'Name': ['John', 'Jane', 'Jim', 'Jenny']}), 'z', pd.Series([0, 0, 0], index=['John', 'Jane', 'Jim'])),
    ])
    def test_task_func(data, letter, expected):
        result = task_func(data, letter)
>       assert result.equals(expected)
E       assert False
E        +  where False = equals(John    1\nJane    1\nJim     1\ndtype: int64)
E        +    where equals = Series([], Name: count, dtype: int64).equals

passed/test_0598.py:12: AssertionError
______________________ test_task_func[data2-z-expected2] _______________________

data =     Name
0   John
1   Jane
2    Jim
3  Jenny, letter = 'z'
expected = John    0
Jane    0
Jim     0
dtype: int64

    @pytest.mark.parametrize("data, letter, expected", [
        (pd.DataFrame({'Name': ['John', 'Jane', 'Jim', 'Jenny']}), 'j', pd.Series([2, 1, 1], index=['John', 'Jane', 'Jim'])),
        (pd.DataFrame({'Name': ['John', 'Jane', 'Jim', 'Jenny']}), 'a', pd.Series([1, 1, 1], index=['John', 'Jane', 'Jim'])),
        (pd.DataFrame({'Name': ['John', 'Jane', 'Jim', 'Jenny']}), 'z', pd.Series([0, 0, 0], index=['John', 'Jane', 'Jim'])),
    ])
    def test_task_func(data, letter, expected):
        result = task_func(data, letter)
>       assert result.equals(expected)
E       assert False
E        +  where False = equals(John    0\nJane    0\nJim     0\ndtype: int64)
E        +    where equals = Series([], Name: count, dtype: int64).equals

passed/test_0598.py:12: AssertionError
________________________________ test_task_func ________________________________

    def test_task_func():
        # Test case 1: Normal input
        matrix = [[1, 2, 3], [4, 5, 6], [7, 8, 9]]
        expected_output = pd.DataFrame([[0.0, 0.0, 0.0], [0.0, 0.0, 0.0], [0.0, 0.0, 0.0]])
>       assert task_func(matrix).equals(expected_output)
E       assert False
E        +  where False = equals(     0    1    2\n0  0.0  0.0  0.0\n1  0.0  0.0  0.0\n2  0.0  0.0  0.0)
E        +    where equals =           0         1         2\n0 -1.224745 -1.224745 -1.224745\n1  0.000000  0.000000  0.000000\n2  1.224745  1.224745  1.224745.equals
E        +      where           0         1         2\n0 -1.224745 -1.224745 -1.224745\n1  0.000000  0.000000  0.000000\n2  1.224745  1.224745  1.224745 = task_func([[1, 2, 3], [4, 5, 6], [7, 8, 9]])

passed/test_0607.py:10: AssertionError
________________________________ test_task_func ________________________________

    def test_task_func():
        goals = {'Team A': 10, 'Team B': 5, 'Team C': 15}
        penalties = {'Team A': 2, 'Team B': 3, 'Team C': 1}
        report_df = task_func(goals, penalties)
>       assert report_df.shape == (3, 5)
E       assert (5, 5) == (3, 5)
E         
E         At index 0 diff: 5 != 3
E         Use -v to get more diff

passed/test_0613.py:8: AssertionError
________________________________ test_task_func ________________________________

    def test_task_func():
        # Test with default parameters
        results_df, ax = task_func(10, 5)
        assert results_df.shape == (5, 3)
        assert ax.get_ylabel() == 'Results'
        assert ax.get_xlabel() == 'Team'
>       assert ax.get_ylim() == (0, 10)
E       assert (np.float64(0...oat64(5260.5)) == (0, 10)
E         
E         At index 1 diff: np.float64(5260.5) != 10
E         Use -v to get more diff

passed/test_0617.py:10: AssertionError
________________________________ test_task_func ________________________________

    def test_task_func():
        products_list = ['Product 1', 'Product 2', 'Product 3']
        sales_df = task_func(products_list)
    
>       assert sales_df.shape == (3, 15)
E       assert (3, 14) == (3, 15)
E         
E         At index 1 diff: 14 != 15
E         Use -v to get more diff

passed/test_0628.py:8: AssertionError
________________________________ test_task_func ________________________________

    def test_task_func():
        pattern = r"^[a-zA-Z0-9_-]+\.txt$"
        directory = "tests/data"
        output_csv = "tests/output.csv"
    
        df = task_func(pattern, directory, output_csv)
    
>       assert df.shape[0] == 2
E       assert 0 == 2

passed/test_0642.py:11: AssertionError
________________________________ test_task_func ________________________________

    def test_task_func():
        date_str = "2022-01-01T00:00:00"
        tz_str = "America/New_York"
        expected_result = 82800
    
        result = task_func(date_str, tz_str)
    
>       assert result == expected_result
E       assert 50400 == 82800

passed/test_0651.py:11: AssertionError
________________________________ test_task_func ________________________________

    def test_task_func():
        path = 'path/to/data'
        df = task_func(path)
        assert isinstance(df, pd.DataFrame)
>       assert df.shape[0] > 0
E       assert 0 > 0

passed/test_0679.py:12: AssertionError
________________________________ test_task_func ________________________________

    def test_task_func():
        # Test case 1: Test that the function returns a DataFrame
        df = pd.DataFrame({'A': [1, 2, 3], 'B': [4, 5, 6]})
        col = 'A'
        result = task_func(df, col)
        assert isinstance(result, pd.DataFrame)
    
        # Test case 2: Test that the function removes the specified column
        df = pd.DataFrame({'A': [1, 2, 3], 'B': [4, 5, 6]})
        col = 'A'
        result = task_func(df, col)
        assert 'A' not in result.columns
    
        # Test case 3: Test that the function adds a new column 'IsEvenIndex'
        df = pd.DataFrame({'A': [1, 2, 3], 'B': [4, 5, 6]})
        col = 'A'
        result = task_func(df, col)
        assert 'IsEvenIndex' in result.columns
    
        # Test case 4: Test that the function correctly determines if the index is even
        df = pd.DataFrame({'A': [1, 2, 3], 'B': [4, 5, 6]})
        col = 'A'
        result = task_func(df, col)
>       assert result['IsEvenIndex'][0] == False
E       assert np.True_ == False

passed/test_0685.py:29: AssertionError
________________________________ test_task_func ________________________________

    def test_task_func():
        tuples_list = [(1, 2, 3), (4, 5, 6), (7, 8, 9)]
        n_components = 2
        expected_output = np.array([[1, 2], [4, 5], [7, 8]])
    
        output = task_func(tuples_list, n_components)
    
>       assert np.allclose(output, expected_output)
E       assert False
E        +  where False = <function allclose at 0x7d3cdc50dc30>(array([[-5.19615242e+00, -3.62353582e-16],\n       [ 0.00000000e+00, -0.00000000e+00],\n       [ 5.19615242e+00, -3.62353582e-16]]), array([[1, 2],\n       [4, 5],\n       [7, 8]]))
E        +    where <function allclose at 0x7d3cdc50dc30> = np.allclose

passed/test_0696.py:13: AssertionError
________________________________ test_task_func ________________________________

    def test_task_func():
        # Test case 1: radius = 1, num_points = 1
        expected_output = [(1, 0)]
>       assert task_func(1, 1) == expected_output
E       assert [(-0.44875118...078407269496)] == [(1, 0)]
E         
E         At index 0 diff: (-0.4487511819815181, 0.1960078407269496) != (1, 0)
E         Use -v to get more diff

passed/test_0697.py:9: AssertionError
________________________________ test_task_func ________________________________

    def test_task_func():
        data = [[1, 2], [3, 4]]
        cols = ['a', 'b']
        expected_result = pd.DataFrame([[1, 0], [0, 1]], columns=cols)
        result = task_func(data, cols)
>       assert np.allclose(result, expected_result)
E       assert False
E        +  where False = <function allclose at 0x7d3cdc50dc30>(     a    b\na  1.0  1.0\nb  1.0  1.0,    a  b\n0  1  0\n1  0  1)
E        +    where <function allclose at 0x7d3cdc50dc30> = np.allclose

passed/test_0701.py:11: AssertionError
________________________________ test_task_func ________________________________

    def test_task_func():
        df = pd.DataFrame({'a': [1, 2, 3], 'b': [4, 5, 6]})
        expected_df = pd.DataFrame({'PC1': [1, 2, 3], 'PC2': [4, 5, 6]})
>       assert task_func(df).equals(expected_df)
E       assert False
E        +  where False = equals(   PC1  PC2\n0    1    4\n1    2    5\n2    3    6)
E        +    where equals =         PC1           PC2\n0 -1.414214 -2.372134e-17\n1  0.000000 -0.000000e+00\n2  1.414214 -2.372134e-17.equals
E        +      where         PC1           PC2\n0 -1.414214 -2.372134e-17\n1  0.000000 -0.000000e+00\n2  1.414214 -2.372134e-17 = task_func(   a  b\n0  1  4\n1  2  5\n2  3  6)

passed/test_0703.py:9: AssertionError
________________________________ test_task_func ________________________________

    def test_task_func():
        data = [[1, 2], [3, 4], [5, 6], [7, 8], [9, 10]]
        cols = ['a', 'b']
        df = pd.DataFrame(data, columns=cols)
        dbscan = DBSCAN(eps=3, min_samples=2)
        df['Cluster'] = dbscan.fit_predict(df)
        expected_result = pd.DataFrame({'a': [1, 2, 3, 4, 5], 'b': [6, 7, 8, 9, 10], 'Cluster': [0, 0, 1, 1, 2]})
>       assert df.equals(expected_result)
E       assert False
E        +  where False = equals(   a   b  Cluster\n0  1   6        0\n1  2   7        0\n2  3   8        1\n3  4   9        1\n4  5  10        2)
E        +    where equals =    a   b  Cluster\n0  1   2        0\n1  3   4        0\n2  5   6        0\n3  7   8        0\n4  9  10        0.equals

passed/test_0704.py:13: AssertionError
________________________________ test_task_func ________________________________

    def test_task_func():
        data = [
            [1, 2, 3, 4, 5],
            [6, 7, 8, 9, 10],
            [11, 12, 13, 14, 15],
            [16, 17, 18, 19, 20]
        ]
        columns = ['a', 'b', 'c', 'd', 'e']
        target_column = 'e'
    
        accuracy = task_func(data, columns, target_column)
    
>       assert accuracy > 0.5
E       assert 0.0 > 0.5

passed/test_0707.py:16: AssertionError
________________________________ test_task_func ________________________________

    def test_task_func():
        # Create a sample DataFrame
        df = pd.DataFrame({'IntCol': [1, 10, 100, 1000]})
    
        # Test that the function returns the expected DataFrame
        expected_df = pd.DataFrame({'IntCol': [0, 1, 2, 3]})
>       assert task_func(df).equals(expected_df)
E       assert False
E        +  where False = equals(   IntCol\n0       0\n1       1\n2       2\n3       3)
E        +    where equals =    IntCol\n0     0.0\n1     1.0\n2     2.0\n3     3.0.equals
E        +      where    IntCol\n0     0.0\n1     1.0\n2     2.0\n3     3.0 = task_func(   IntCol\n0     0.0\n1     1.0\n2     2.0\n3     3.0)

passed/test_0708.py:12: AssertionError
________________________________ test_task_func ________________________________

    def test_task_func():
        source_dir = 'tests/test_data/source'
        dest_dir = 'tests/test_data/dest'
        extension = 'txt'
    
        result = task_func(source_dir, dest_dir, extension)
    
>       assert result == 2
E       assert 0 == 2

passed/test_0713.py:11: AssertionError
________________________________ test_task_func ________________________________

    def test_task_func():
        directory = 'path/to/directory'
        word = 'test'
        count = task_func(directory, word)
>       assert count == 1
E       assert 0 == 1

passed/test_0720.py:8: AssertionError
_______________________ test_task_func_case_insensitive ________________________

    def test_task_func_case_insensitive():
        directory = 'path/to/directory'
        word = 'Test'
        count = task_func(directory, word)
>       assert count == 1
E       assert 0 == 1

passed/test_0720.py:14: AssertionError
__________________________ test_task_func_punctuation __________________________

    def test_task_func_punctuation():
        directory = 'path/to/directory'
        word = 'test.'
        count = task_func(directory, word)
>       assert count == 1
E       assert 0 == 1

passed/test_0720.py:20: AssertionError
________________________ test_task_func_multiple_files _________________________

    def test_task_func_multiple_files():
        directory = 'path/to/directory'
        word = 'test'
        count = task_func(directory, word)
>       assert count == 2
E       assert 0 == 2

passed/test_0720.py:26: AssertionError
________________________________ test_task_func ________________________________

    def test_task_func():
        L = [[1, 2, 3], [4, 5, 6], [7, 8, 9]]
        expected_result = 2.0
        actual_result = task_func(L)
>       assert actual_result == expected_result
E       assert np.float64(4.0) == 2.0

passed/test_0739.py:8: AssertionError
________________________ test_task_func_with_empty_list ________________________

    def test_task_func_with_empty_list():
        L = []
        expected_result = 0.0
        actual_result = task_func(L)
>       assert actual_result == expected_result
E       assert np.float64(nan) == 0.0

passed/test_0739.py:14: AssertionError
_____________________ test_task_func_with_negative_values ______________________

    def test_task_func_with_negative_values():
        L = [[-1, -2, -3], [-4, -5, -6], [-7, -8, -9]]
        expected_result = 2.0
        actual_result = task_func(L)
>       assert actual_result == expected_result
E       assert np.float64(4.0) == 2.0

passed/test_0739.py:26: AssertionError
_______________________ test_task_func_with_mixed_values _______________________

    def test_task_func_with_mixed_values():
        L = [[1, 2, 3], [4, 5, 6], [7, 8, 9], [-1, -2, -3]]
        expected_result = 2.0
        actual_result = task_func(L)
>       assert actual_result == expected_result
E       assert np.float64(5.75) == 2.0

passed/test_0739.py:32: AssertionError
________________________________ test_task_func ________________________________

    def test_task_func():
        assert task_func("") == (0, 0)
        assert task_func("1") == (1, 1)
        assert task_func("1.0") == (1, 1)
>       assert task_func("1.0 2.0") == (2, 1.4142135623730951)
E       assert (2, 2.414213562373095) == (2, 1.4142135623730951)
E         
E         At index 1 diff: 2.414213562373095 != 1.4142135623730951
E         Use -v to get more diff

passed/test_0748.py:8: AssertionError
________________________________ test_task_func ________________________________

    def test_task_func():
        values = [1, 2, 3, 4, 5]
        weights = [0.1, 0.2, 0.3, 0.4, 0.5]
        n_samples = 1000
    
        histogram = task_func(values, weights, n_samples)
    
        assert len(histogram) == len(values)
        assert all(value in histogram for value in values)
>       assert all(weight in histogram.values() for weight in weights)
E       assert False
E        +  where False = all(<generator object test_task_func.<locals>.<genexpr> at 0x7d3b6413ba00>)

passed/test_0752.py:13: AssertionError
__________________________ test_task_func_empty_array __________________________

    def test_task_func_empty_array():
        result = []
        summary = task_func(result)
>       assert summary['mean'] == np.nan
E       assert nan == nan
E        +  where nan = np.nan

passed/test_0755.py:10: AssertionError
________________________ test_task_func_numeric_values _________________________

    def test_task_func_numeric_values():
        result = [{'from_user': 1}, {'from_user': 2}, {'from_user': 3}]
        summary = task_func(result)
        assert summary['mean'] == 2
        assert summary['median'] == 2
        assert summary['min'] == 1
        assert summary['max'] == 3
>       assert summary['std'] == 1
E       assert np.float64(0.816496580927726) == 1

passed/test_0755.py:29: AssertionError
________________________________ test_task_func ________________________________

    def test_task_func():
        directory_path = 'path/to/directory'
        new_filenames = task_func(directory_path)
>       assert len(new_filenames) == 2
E       assert 0 == 2
E        +  where 0 = len([])

passed/test_0756.py:7: AssertionError
_______________________ test_task_func_with_valid_input ________________________

    def test_task_func_with_valid_input():
        kwargs = {"file1.txt": "content1", "file2.txt": "content2"}
        target_dir = "non_none_files"
        copied_files = task_func(kwargs, target_dir)
>       assert len(copied_files) == 2
E       assert 0 == 2
E        +  where 0 = len([])

passed/test_0766.py:8: AssertionError
______________________ test_task_func_with_invalid_input _______________________

    def test_task_func_with_invalid_input():
        kwargs = {"file1.txt": "content1", "file2.txt": None}
        target_dir = "non_none_files"
        copied_files = task_func(kwargs, target_dir)
>       assert len(copied_files) == 1
E       assert 0 == 1
E        +  where 0 = len([])

passed/test_0766.py:16: AssertionError
____________________ test_task_func_with_non_existent_file _____________________

    def test_task_func_with_non_existent_file():
        kwargs = {"file1.txt": "content1", "file2.txt": "content2"}
        target_dir = "non_none_files"
        copied_files = task_func(kwargs, target_dir)
>       assert len(copied_files) == 2
E       assert 0 == 2
E        +  where 0 = len([])

passed/test_0766.py:24: AssertionError
____________________ test_task_func_with_invalid_target_dir ____________________

    def test_task_func_with_invalid_target_dir():
        kwargs = {"file1.txt": "content1", "file2.txt": "content2"}
        target_dir = "non_none_files"
        copied_files = task_func(kwargs, target_dir)
>       assert len(copied_files) == 2
E       assert 0 == 2
E        +  where 0 = len([])

passed/test_0766.py:32: AssertionError
________________________________ test_task_func ________________________________

    def test_task_func():
        n = 10
        domain = "samplewebsite.com"
        categories = ['Sports', 'Technology', 'Health', 'Science', 'Business']
        random_seed = 42
    
        df = task_func(n, domain, categories, random_seed)
    
        assert len(df) == n
        assert df['title'].str.contains('Article').all()
        assert df['title_url'].str.contains(domain).all()
>       assert df['id'].astype(int).all()
E       assert np.False_
E        +  where np.False_ = all()
E        +    where all = 0    0\n1    1\n2    2\n3    3\n4    4\n5    5\n6    6\n7    7\n8    8\n9    9\nName: id, dtype: int64.all
E        +      where 0    0\n1    1\n2    2\n3    3\n4    4\n5    5\n6    6\n7    7\n8    8\n9    9\nName: id, dtype: int64 = astype(int)
E        +        where astype = 0    0\n1    1\n2    2\n3    3\n4    4\n5    5\n6    6\n7    7\n8    8\n9    9\nName: id, dtype: int64.astype

passed/test_0783.py:15: AssertionError
________________________________ test_task_func ________________________________

    def test_task_func():
        directory = 'path/to/directory'
        file_list = task_func(directory)
>       assert len(file_list) > 0
E       assert 0 > 0
E        +  where 0 = len([])

passed/test_0797.py:7: AssertionError
________________________________ test_task_func ________________________________

    def test_task_func():
        data = np.array([[1, 2], [3, 4], [5, 6], [7, 8]])
        n_clusters = 2
        clusters = task_func(data, n_clusters)
        assert len(clusters) == n_clusters
        assert all(len(cluster) > 0 for cluster in clusters.values())
>       assert all(np.all(data[cluster] == data[cluster[0]]) for cluster in clusters.values())
E       assert False
E        +  where False = all(<generator object test_task_func.<locals>.<genexpr> at 0x7d3b64664040>)

passed/test_0810.py:12: AssertionError
________________________________ test_task_func ________________________________

    def test_task_func():
        dir_path = 'path/to/directory'
        exe_pattern = '*.exe'
        execute_files = True
        results = task_func(dir_path, exe_pattern, execute_files)
>       assert len(results) > 0
E       assert 0 > 0
E        +  where 0 = len([])

passed/test_0811.py:9: AssertionError
_________________________ test_task_func_invalid_input _________________________

    def test_task_func_invalid_input():
        filename = 'test_file.json'
        data = {'key1': 'value1', 'key2': 'value2'}
        expected_data = None
        result, written_data = task_func(filename, data)
>       assert result is False
E       assert True is False

passed/test_0831.py:17: AssertionError
________________________ test_task_func_file_not_exists ________________________

    def test_task_func_file_not_exists():
        filename = 'test_file.json'
        data = {'key1': 'value1', 'key2': 'value2'}
        expected_data = None
        result, written_data = task_func(filename, data)
>       assert result is False
E       assert True is False

passed/test_0831.py:33: AssertionError
________________________________ test_task_func ________________________________

    def test_task_func():
        # Test with default arguments
        result = task_func()
>       assert result[0] == 5
E       assert 10 == 5

passed/test_0834.py:7: AssertionError
________________________________ test_task_func ________________________________

    def test_task_func():
        text1 = "This is a test sentence."
        text2 = "This is another test sentence."
        expected_cosine_similarity = 0.95
        expected_levenshtein_ratio = 0.9
    
        cosine_similarity, levenshtein_ratio = task_func(text1, text2)
    
>       assert cosine_similarity == expected_cosine_similarity
E       assert np.float64(0.7999999999999998) == 0.95

passed/test_0846.py:12: AssertionError
__________________________ test_task_func_valid_input __________________________

    def test_task_func_valid_input():
        sums, permutations = task_func([1, 2, 3])
>       assert sums == [6, 6, 6]
E       assert [9, 9, 9, 9, 9, 9] == [6, 6, 6]
E         
E         At index 0 diff: 9 != 6
E         Left contains 3 more items, first extra item: 9
E         Use -v to get more diff

passed/test_0855.py:19: AssertionError
________________________________ test_task_func ________________________________

    def test_task_func():
        list_of_lists = [[1, 2, 3], [4, 5, 6], [7, 8, 9]]
        expected_sums = [14, 37, 68]
    
        sums = task_func(list_of_lists)
    
>       assert sums == expected_sums
E       assert [14.0, 14.0, 14.0] == [14, 37, 68]
E         
E         At index 1 diff: 14.0 != 37
E         Use -v to get more diff

passed/test_0864.py:10: AssertionError
________________________________ test_task_func ________________________________

    def test_task_func():
        # Test case 1: Test that the function returns a DataFrame with the correct shape
        data_list = [('a', 1, 2.1), ('b', 2, 3.2), ('c', 3, 4.3), ('d', 4, 5.4), ('e', 5, 6.5)]
        expected_shape = (5, 1)
        result = task_func(data_list)
>       assert result.shape == expected_shape
E       assert (3, 1) == (5, 1)
E         
E         At index 0 diff: 3 != 5
E         Use -v to get more diff

passed/test_0871.py:9: AssertionError
________________________________ test_task_func ________________________________

    def test_task_func():
        data_list = [
            (1, 2, 3, 4),
            (5, 6, 7, 8),
            (9, 10, 11, 12),
            (13, 14, 15, 16),
        ]
        file_name = 'test_file.txt'
        mean_values = task_func(data_list, file_name)
>       assert mean_values == [2.5, 6.5, 10.5, 14.5]
E       assert [np.float64(8...float64(10.0)] == [2.5, 6.5, 10.5, 14.5]
E         
E         At index 0 diff: np.float64(8.0) != 2.5
E         Right contains one more item: 14.5
E         Use -v to get more diff

passed/test_0872.py:14: AssertionError
_____________________ test_task_func_uneven_tuple_lengths ______________________

    def test_task_func_uneven_tuple_lengths():
        data_list = [[1, 2, 3], [4, 5, 6], [7, 8]]
        expected_result = [4, 5, 6]
>       assert task_func(data_list) == expected_result
E       assert [np.float64(4....float64(4.5)] == [4, 5, 6]
E         
E         At index 2 diff: np.float64(4.5) != 6
E         Use -v to get more diff

passed/test_0873.py:13: AssertionError
______________________ test_task_func_non_numeric_values _______________________

    def test_task_func_non_numeric_values():
        data_list = [[1, 2, 3], [4, 5, 6], [7, 8, "a"]]
        expected_result = [4, 5, 6]
>       assert task_func(data_list) == expected_result
E       assert [np.float64(4....float64(4.5)] == [4, 5, 6]
E         
E         At index 2 diff: np.float64(4.5) != 6
E         Use -v to get more diff

passed/test_0873.py:18: AssertionError
_____________________ test_task_func_multiple_element_list _____________________

    def test_task_func_multiple_element_list():
        data_list = [[1, 2, 3], [4, 5, 6], [7, 8, 9], [10, 11, 12]]
        expected_result = [4, 5, 6]
>       assert task_func(data_list) == expected_result
E       assert [np.float64(5....float64(7.5)] == [4, 5, 6]
E         
E         At index 0 diff: np.float64(5.5) != 4
E         Use -v to get more diff

passed/test_0873.py:33: AssertionError
________________________________ test_task_func ________________________________

    def test_task_func():
        points = [(0, 0), (1, 1), (2, 2), (3, 3)]
        expected_distances = [1, 1, 1, 1]
        distances = task_func(points)
>       assert distances == expected_distances
E       assert [np.float64(1...135623730951)] == [1, 1, 1, 1]
E         
E         At index 0 diff: np.float64(1.4142135623730951) != 1
E         Right contains one more item: 1
E         Use -v to get more diff

passed/test_0875.py:8: AssertionError
_____________________ test_task_func_with_different_points _____________________

    def test_task_func_with_different_points():
        points = [(0, 0), (1, 1), (2, 2), (3, 3), (4, 4)]
        expected_distances = [1, 1, 1, 1, 1]
        distances = task_func(points)
>       assert distances == expected_distances
E       assert [np.float64(1...135623730951)] == [1, 1, 1, 1, 1]
E         
E         At index 0 diff: np.float64(1.4142135623730951) != 1
E         Right contains one more item: 1
E         Use -v to get more diff

passed/test_0875.py:14: AssertionError
________________________________ test_task_func ________________________________

    def test_task_func():
        rows = 3
        columns = 2
        seed = 0
        U, s, Vh = task_func(rows, columns, seed)
    
        assert U.shape == (rows, rows)
>       assert s.shape == (rows,)
E       assert (2,) == (3,)
E         
E         At index 0 diff: 2 != 3
E         Use -v to get more diff

passed/test_0951.py:11: AssertionError
________________________________ test_task_func ________________________________

    def test_task_func():
        text = "Hello, World!"
        expected_words = 2
        expected_chars = 12
        expected_unique_chars = 10
    
        words, chars, unique_chars = task_func(text)
    
        assert words == expected_words
>       assert chars == expected_chars
E       assert 10 == 12

passed/test_0958.py:13: AssertionError
_____________ test_task_func_returns_string_with_random_characters _____________

    def test_task_func_returns_string_with_random_characters():
        text = "Hello World"
        result = task_func(text)
>       assert all(c in string.ascii_lowercase + string.ascii_uppercase for c in result)
               ^^^^^^^^^^^^^^^^^^^^^^^^^^^^^^^^^^^^^^^^^^^^^^^^^^^^^^^^^^^^^^^^^^^^^^^^^

passed/test_0960.py:18: 
_ _ _ _ _ _ _ _ _ _ _ _ _ _ _ _ _ _ _ _ _ _ _ _ _ _ _ _ _ _ _ _ _ _ _ _ _ _ _ _ 

.0 = <str_ascii_iterator object at 0x7d3b44795690>

>   assert all(c in string.ascii_lowercase + string.ascii_uppercase for c in result)
                    ^^^^^^
E   NameError: name 'string' is not defined. Did you forget to import 'string'

passed/test_0960.py:18: NameError
______________ test_task_func_output_dataframe_has_correct_values ______________

    def test_task_func_output_dataframe_has_correct_values():
        df = pd.DataFrame({'A': [1, 2, 3], 'B': [4, 5, 6]})
        df_norm_cumsum = task_func(df)
>       assert df_norm_cumsum.values.tolist() == [[1, 4], [2, 5], [3, 6]]
E       assert [[0.0, 0.0], ...0000002, 1.0]] == [[1, 4], [2, 5], [3, 6]]
E         
E         At index 0 diff: [0.0, 0.0] != [1, 4]
E         Use -v to get more diff

passed/test_0970.py:29: AssertionError
________________________________ test_task_func ________________________________

    def test_task_func():
        feature_array = np.array([[1, 2, 3, 4, 5], [6, 7, 8, 9, 10]])
        target_array = np.array([0, 1])
        feature_names = ["f1", "f2", "f3", "f4", "f5"]
        target_name = "target"
        seed = 42
    
        clf = task_func(feature_array, target_array, feature_names, target_name, seed)
    
        assert isinstance(clf, RandomForestClassifier)
        assert clf.n_estimators == 100
>       assert clf.random_state == seed
E       assert None == 42
E        +  where None = RandomForestClassifier().random_state

passed/test_0980.py:18: AssertionError
_______________________ test_task_func_with_lxml_parser ________________________

    def test_task_func_with_lxml_parser():
        url = "http://example.com"
        from_encoding = "cp1251"
        use_lxml = True
        soup = task_func(url, from_encoding, use_lxml)
        assert soup is not None
        assert soup.title.string == "Example Domain"
>       assert soup.parser == "lxml"
E       assert None == 'lxml'
E        +  where None = <!DOCTYPE html>\n<html lang="en"><head><title>Example Domain</title><link href="data:," rel="icon"/><meta content="widt...sion. Avoid use in operations.</p><p><a href="https://iana.org/domains/example">Learn more</a></p></div></body></html>\n.parser

passed/test_1019.py:33: AssertionError
________________________________ test_task_func ________________________________

    def test_task_func():
        # Test case 1: Testing with a random array
        arr = np.random.rand(10, 10)
        ax, normalized_data = task_func(arr)
        assert isinstance(ax, plt.Axes)
        assert isinstance(normalized_data, np.ndarray)
        assert normalized_data.shape == (10,)
        assert np.allclose(normalized_data, (arr.sum(axis=1) - np.mean(arr.sum(axis=1))) / np.std(arr.sum(axis=1)))
    
        # Test case 2: Testing with a zero-mean array
        arr = np.random.rand(10, 10) - 0.5
        ax, normalized_data = task_func(arr)
        assert isinstance(ax, plt.Axes)
        assert isinstance(normalized_data, np.ndarray)
        assert normalized_data.shape == (10,)
        assert np.allclose(normalized_data, (arr.sum(axis=1) - np.mean(arr.sum(axis=1))) / np.std(arr.sum(axis=1)))
    
        # Test case 3: Testing with a zero-variance array
        arr = np.random.rand(10, 10)
        arr = arr - np.mean(arr, axis=1, keepdims=True)
        ax, normalized_data = task_func(arr)
        assert isinstance(ax, plt.Axes)
        assert isinstance(normalized_data, np.ndarray)
        assert normalized_data.shape == (10,)
>       assert np.allclose(normalized_data, np.zeros_like(arr.sum(axis=1)))
E       assert False
E        +  where False = <function allclose at 0x7d3cdc50dc30>(array([-0.36966363,  0.65717979,  0.75986414,  0.04107374, -0.57503232,\n        1.47865453,  0.45181111,  0.65717979, -0.88308535, -2.2179818 ]), array([0., 0., 0., 0., 0., 0., 0., 0., 0., 0.]))
E        +    where <function allclose at 0x7d3cdc50dc30> = np.allclose
E        +    and   array([0., 0., 0., 0., 0., 0., 0., 0., 0., 0.]) = <function zeros_like at 0x7d3cdc9b43b0>(array([-2.22044605e-16,  3.33066907e-16,  3.88578059e-16,  0.00000000e+00,\n       -3.33066907e-16,  7.77156117e-16,  2.22044605e-16,  3.33066907e-16,\n       -4.99600361e-16, -1.22124533e-15]))
E        +      where <function zeros_like at 0x7d3cdc9b43b0> = np.zeros_like
E        +      and   array([-2.22044605e-16,  3.33066907e-16,  3.88578059e-16,  0.00000000e+00,\n       -3.33066907e-16,  7.77156117e-16,  2.22044605e-16,  3.33066907e-16,\n       -4.99600361e-16, -1.22124533e-15]) = <built-in method sum of numpy.ndarray object at 0x7d3b4452a730>(axis=1)
E        +        where <built-in method sum of numpy.ndarray object at 0x7d3b4452a730> = array([[-0.19197396,  0.02483106, -0.08776195, -0.06575735,  0.38376432,\n         0.46956802, -0.39003269, -0.2515301 ...3525, -0.47677951,  0.4243073 ,  0.36184195,\n        -0.26394481, -0.50953389,  0.40859787, -0.02379855,  0.01453901]]).sum

passed/test_1062.py:31: AssertionError
________________________________ test_task_func ________________________________

    def test_task_func():
        list_of_lists = [[1, 2, 3], [4, 5, 6], [7, 8, 9]]
        fig, ax = task_func(list_of_lists)
>       assert len(fig.axes) == len(list_of_lists)
E       assert 1 == 3
E        +  where 1 = len([<Axes: >])
E        +    where [<Axes: >] = <Figure size 640x480 with 1 Axes>.axes
E        +  and   3 = len([[1, 2, 3], [4, 5, 6], [7, 8, 9]])

passed/test_1072.py:7: AssertionError
________________________________ test_task_func ________________________________

    def test_task_func():
        data = [
            {"Price_String": "100", "Price_Float": 100.0},
            {"Price_String": "200", "Price_Float": 200.0},
            {"Price_String": "300", "Price_Float": 300.0},
            {"Price_String": "400", "Price_Float": 400.0},
            {"Price_String": "500", "Price_Float": 500.0},
        ]
        expected_mean = 300.0
        expected_median = 300.0
        expected_std_dev = 100.0
    
        result, ax = task_func(data)
    
        assert result["mean"] == expected_mean
        assert result["median"] == expected_median
>       assert result["std_dev"] == expected_std_dev
E       assert np.float64(158.11388300841898) == 100.0

passed/test_1080.py:23: AssertionError
________________________ test_task_func_with_valid_data ________________________

    def test_task_func_with_valid_data():
        data = [
            {"Score_String": "90", "Grade": "A"},
            {"Score_String": "80", "Grade": "B"},
            {"Score_String": "70", "Grade": "C"},
            {"Score_String": "60", "Grade": "D"},
            {"Score_String": "50", "Grade": "F"}
        ]
        expected_correlation = 0.8
        actual_correlation = task_func(data)
>       assert actual_correlation == expected_correlation
E       assert np.float64(-0.9999999999999999) == 0.8

passed/test_1083.py:14: AssertionError
_______________________ test_task_func_with_invalid_data _______________________

    def test_task_func_with_invalid_data():
        data = [
            {"Score_String": "90", "Grade": "A"},
            {"Score_String": "80", "Grade": "B"},
            {"Score_String": "70", "Grade": "C"},
            {"Score_String": "60", "Grade": "D"},
            {"Score_String": "50", "Grade": "F"},
            {"Score_String": "40", "Grade": "G"}
        ]
        expected_correlation = float("nan")
        actual_correlation = task_func(data)
>       assert actual_correlation == expected_correlation
E       assert np.float64(-0.9999999999999999) == nan

passed/test_1083.py:27: AssertionError
________________________ test_task_func_with_empty_data ________________________

    def test_task_func_with_empty_data():
        data = []
        expected_correlation = float("nan")
        actual_correlation = task_func(data)
>       assert actual_correlation == expected_correlation
E       assert nan == nan

passed/test_1083.py:33: AssertionError
________________________________ test_task_func ________________________________

    def test_task_func():
        # Test case 1: No employees in EMP$$ department
        dict1 = {'EMP$$': 0}
        mean_age, median_age, mode_age = task_func(dict1)
        assert mean_age == 0
        assert median_age == 0
        assert mode_age == []
    
        # Test case 2: One employee in EMP$$ department
        dict1 = {'EMP$$': 1}
        mean_age, median_age, mode_age = task_func(dict1)
>       assert mean_age == 22
E       assert 26 == 22

passed/test_1117.py:15: AssertionError
________________________________ test_task_func ________________________________

    def test_task_func():
        matrix = np.array([[1, 2, 3], [4, 5, 6], [7, 8, 9]])
        sorted_array, combinations = task_func(matrix)
    
        assert np.array_equal(sorted_array, np.array([1, 2, 3, 4, 5, 6, 7, 8, 9]))
>       assert len(combinations) == 3
E       assert 36 == 3
E        +  where 36 = len([(np.int64(1), np.int64(2)), (np.int64(1), np.int64(3)), (np.int64(1), np.int64(4)), (np.int64(1), np.int64(5)), (np.int64(1), np.int64(6)), (np.int64(1), np.int64(7)), ...])

passed/test_1139.py:10: AssertionError
=============================== warnings summary ===============================
Codellama/8bit-quant/passed/test_0041.py::test_task_func
  /work/tomohiro-w/utg/.venv/lib/python3.12/site-packages/seaborn/matrix.py:202: RuntimeWarning: All-NaN slice encountered
    vmin = np.nanmin(calc_data)

Codellama/8bit-quant/passed/test_0041.py::test_task_func
  /work/tomohiro-w/utg/.venv/lib/python3.12/site-packages/seaborn/matrix.py:207: RuntimeWarning: All-NaN slice encountered
    vmax = np.nanmax(calc_data)

Codellama/8bit-quant/passed/test_0076.py: 8 warnings
Codellama/8bit-quant/passed/test_0136.py: 2 warnings
Codellama/8bit-quant/passed/test_0342.py: 1 warning
  /work/tomohiro-w/utg/.venv/lib/python3.12/site-packages/seaborn/categorical.py:700: MatplotlibDeprecationWarning: vert: bool was deprecated in Matplotlib 3.11 and will be removed in 3.13. Use orientation: {'vertical', 'horizontal'} instead.
    artists = ax.bxp(**boxplot_kws)

Codellama/8bit-quant/passed/test_0206.py: 2 warnings
Codellama/8bit-quant/passed/test_0364.py: 56 warnings
  /usr/lib/python3.12/multiprocessing/popen_fork.py:66: DeprecationWarning: This process (pid=3958744) is multi-threaded, use of fork() may lead to deadlocks in the child.
    self.pid = os.fork()

Codellama/8bit-quant/passed/test_0342.py::test_task_func_with_valid_data
  /work/tomohiro-w/utg/src/src_0342.py:9: RuntimeWarning: More than 20 figures have been opened. Figures created through the pyplot interface (`matplotlib.pyplot.figure`) are retained until explicitly closed and may consume too much memory. (To control this warning, see the rcParam `figure.max_open_warning`). Consider using `matplotlib.pyplot.close()`.
    fig, axes = plt.subplots(nrows=2, ncols=1)

Codellama/8bit-quant/passed/test_0485.py: 10 warnings
  /work/tomohiro-w/utg/src/src_0485.py:24: DeprecationWarning: datetime.datetime.utcfromtimestamp() is deprecated and scheduled for removal in a future version. Use timezone-aware objects to represent datetimes in UTC: datetime.datetime.fromtimestamp(timestamp, datetime.UTC).
    dt = datetime.utcfromtimestamp(ts / 1000).strftime("%Y-%m-%d %H:%M:%S.%f")

Codellama/8bit-quant/passed/test_0552.py::test_task_func_single_item
Codellama/8bit-quant/passed/test_0552.py::test_task_func_multiple_items
Codellama/8bit-quant/passed/test_0552.py::test_task_func_duplicate_items
  /work/tomohiro-w/utg/src/src_0552.py:29: FutureWarning: 
  
  Passing `palette` without assigning `hue` is deprecated and will be removed in v0.14.0. Assign the `y` variable to `hue` and set `legend=False` for the same effect.
  
    ax = sns.barplot(x="Count", y="Item", data=df, palette="viridis")

Codellama/8bit-quant/passed/test_0739.py::test_task_func_with_empty_list
  /work/tomohiro-w/utg/src/src_0739.py:5: SmallSampleWarning: One or more sample arguments is too small; all returned values will be NaN. See documentation for sample size requirements.
    iqr_value = iqr(flattened)

-- Docs: https://docs.pytest.org/en/stable/how-to/capture-warnings.html
=========================== short test summary info ============================
FAILED passed/test_0004.py::test_task_func - assert False
FAILED passed/test_0006.py::test_task_func - assert False
FAILED passed/test_0012.py::test_task_func - assert np.float64(21.0) == 25
FAILED passed/test_0041.py::test_task_func - assert False
FAILED passed/test_0060.py::test_task_func_valid_input - assert None is not None
FAILED passed/test_0062.py::test_task_func - assert (np.float64(0....float64(...
FAILED passed/test_0076.py::test_task_func_fruits_none - assert (35, 3) == (2...
FAILED passed/test_0076.py::test_task_func_days_none - assert (35, 3) == (25, 3)
FAILED passed/test_0076.py::test_task_func_seed_not_none - assert (35, 3) == ...
FAILED passed/test_0076.py::test_task_func_sales_lower_bound_and_upper_bound
FAILED passed/test_0076.py::test_task_func_fruits_and_days - assert (14, 3) =...
FAILED passed/test_0076.py::test_task_func_fruits_and_days_and_seed - assert ...
FAILED passed/test_0076.py::test_task_func_fruits_and_days_and_sales_lower_bound_and_upper_bound
FAILED passed/test_0076.py::test_task_func_fruits_and_days_and_seed_and_sales_lower_bound_and_upper_bound
FAILED passed/test_0090.py::test_task_func - assert False
FAILED passed/test_0117.py::test_task_func - assert False
FAILED passed/test_0127.py::test_task_func - assert [42.0, 44.4, 61.1, 51.8, ...
FAILED passed/test_0134.py::test_task_func_input_non_empty_df - assert [1, 2,...
FAILED passed/test_0153.py::test_task_func - assert (8, 10) == (8, 9)
FAILED passed/test_0157.py::test_task_func - assert False
FAILED passed/test_0163.py::test_task_func - assert (np.float64(-...000000000...
FAILED passed/test_0174.py::test_task_func - assert (2, 1) == (5, 1)
FAILED passed/test_0198.py::test_task_func - assert 1 == 3
FAILED passed/test_0240.py::test_task_func - assert np.float64(1.632993161855...
FAILED passed/test_0245.py::test_task_func - assert False
FAILED passed/test_0255.py::test_task_func - assert '"4.0"' == '4.00'
FAILED passed/test_0268.py::test_task_func - assert False
FAILED passed/test_0287.py::test_task_func - assert 0 == 10
FAILED passed/test_0294.py::test_task_func - assert False
FAILED passed/test_0298.py::test_task_func - assert Counter({5: 2..., 8: 1, 9...
FAILED passed/test_0304.py::test_task_func - assert 0.4338837391175581 == 0.9...
FAILED passed/test_0305.py::test_task_func - assert 0 is None
FAILED passed/test_0310.py::test_task_func - assert [[0.0, 0.5, 1....0, 0.5, ...
FAILED passed/test_0321.py::test_task_func_with_valid_input - assert None == 0
FAILED passed/test_0322.py::test_task_func - assert False
FAILED passed/test_0327.py::test_task_func_with_valid_directory_path - assert...
FAILED passed/test_0339.py::test_task_func - assert False
FAILED passed/test_0352.py::test_task_func - assert False
FAILED passed/test_0358.py::test_task_func - assert False
FAILED passed/test_0359.py::test_task_func - assert [(1, 2), (1, ..., (2, 4),...
FAILED passed/test_0360.py::test_task_func - assert np.float64(0.981104910251...
FAILED passed/test_0367.py::test_task_func - assert (np.float64(0...999999999...
FAILED passed/test_0444.py::test_task_func - assert (9,) == (3, 3, 3)
FAILED passed/test_0447.py::test_task_func - assert 11 == 1
FAILED passed/test_0450.py::test_task_func - assert False
FAILED passed/test_0451.py::test_task_func - assert None is not None
FAILED passed/test_0453.py::test_task_func - assert 20 == 100
FAILED passed/test_0474.py::test_task_func_positive_walks_and_steps - assert ...
FAILED passed/test_0485.py::test_task_func - assert (10, 5) == (11, 5)
FAILED passed/test_0507.py::test_task_func_with_valid_input - assert np.int64...
FAILED passed/test_0507.py::test_task_func_with_invalid_input - assert np.int...
FAILED passed/test_0507.py::test_task_func_with_empty_data - assert nan == nan
FAILED passed/test_0508.py::test_task_func_valid_column - assert np.int64(10)...
FAILED passed/test_0508.py::test_task_func_empty_data - assert nan == 0
FAILED passed/test_0517.py::test_task_func - assert not True
FAILED passed/test_0531.py::test_task_func_duplicate_names - assert Counter({...
FAILED passed/test_0558.py::test_task_func_valid_input - assert [np.float64(0...
FAILED passed/test_0570.py::test_task_func - assert 1.4142135623730951 == 2
FAILED passed/test_0570.py::test_task_func_with_defaults - assert 1.414213562...
FAILED passed/test_0598.py::test_task_func[data0-j-expected0] - assert False
FAILED passed/test_0598.py::test_task_func[data1-a-expected1] - assert False
FAILED passed/test_0598.py::test_task_func[data2-z-expected2] - assert False
FAILED passed/test_0607.py::test_task_func - assert False
FAILED passed/test_0613.py::test_task_func - assert (5, 5) == (3, 5)
FAILED passed/test_0617.py::test_task_func - assert (np.float64(0...oat64(526...
FAILED passed/test_0628.py::test_task_func - assert (3, 14) == (3, 15)
FAILED passed/test_0642.py::test_task_func - assert 0 == 2
FAILED passed/test_0651.py::test_task_func - assert 50400 == 82800
FAILED passed/test_0679.py::test_task_func - assert 0 > 0
FAILED passed/test_0685.py::test_task_func - assert np.True_ == False
FAILED passed/test_0696.py::test_task_func - assert False
FAILED passed/test_0697.py::test_task_func - assert [(-0.44875118...078407269...
FAILED passed/test_0701.py::test_task_func - assert False
FAILED passed/test_0703.py::test_task_func - assert False
FAILED passed/test_0704.py::test_task_func - assert False
FAILED passed/test_0707.py::test_task_func - assert 0.0 > 0.5
FAILED passed/test_0708.py::test_task_func - assert False
FAILED passed/test_0713.py::test_task_func - assert 0 == 2
FAILED passed/test_0720.py::test_task_func - assert 0 == 1
FAILED passed/test_0720.py::test_task_func_case_insensitive - assert 0 == 1
FAILED passed/test_0720.py::test_task_func_punctuation - assert 0 == 1
FAILED passed/test_0720.py::test_task_func_multiple_files - assert 0 == 2
FAILED passed/test_0739.py::test_task_func - assert np.float64(4.0) == 2.0
FAILED passed/test_0739.py::test_task_func_with_empty_list - assert np.float6...
FAILED passed/test_0739.py::test_task_func_with_negative_values - assert np.f...
FAILED passed/test_0739.py::test_task_func_with_mixed_values - assert np.floa...
FAILED passed/test_0748.py::test_task_func - assert (2, 2.414213562373095) ==...
FAILED passed/test_0752.py::test_task_func - assert False
FAILED passed/test_0755.py::test_task_func_empty_array - assert nan == nan
FAILED passed/test_0755.py::test_task_func_numeric_values - assert np.float64...
FAILED passed/test_0756.py::test_task_func - assert 0 == 2
FAILED passed/test_0766.py::test_task_func_with_valid_input - assert 0 == 2
FAILED passed/test_0766.py::test_task_func_with_invalid_input - assert 0 == 1
FAILED passed/test_0766.py::test_task_func_with_non_existent_file - assert 0 ...
FAILED passed/test_0766.py::test_task_func_with_invalid_target_dir - assert 0...
FAILED passed/test_0783.py::test_task_func - assert np.False_
FAILED passed/test_0797.py::test_task_func - assert 0 > 0
FAILED passed/test_0810.py::test_task_func - assert False
FAILED passed/test_0811.py::test_task_func - assert 0 > 0
FAILED passed/test_0831.py::test_task_func_invalid_input - assert True is False
FAILED passed/test_0831.py::test_task_func_file_not_exists - assert True is F...
FAILED passed/test_0834.py::test_task_func - assert 10 == 5
FAILED passed/test_0846.py::test_task_func - assert np.float64(0.799999999999...
FAILED passed/test_0855.py::test_task_func_valid_input - assert [9, 9, 9, 9, ...
FAILED passed/test_0864.py::test_task_func - assert [14.0, 14.0, 14.0] == [14...
FAILED passed/test_0871.py::test_task_func - assert (3, 1) == (5, 1)
FAILED passed/test_0872.py::test_task_func - assert [np.float64(8...float64(1...
FAILED passed/test_0873.py::test_task_func_uneven_tuple_lengths - assert [np....
FAILED passed/test_0873.py::test_task_func_non_numeric_values - assert [np.fl...
FAILED passed/test_0873.py::test_task_func_multiple_element_list - assert [np...
FAILED passed/test_0875.py::test_task_func - assert [np.float64(1...135623730...
FAILED passed/test_0875.py::test_task_func_with_different_points - assert [np...
FAILED passed/test_0951.py::test_task_func - assert (2,) == (3,)
FAILED passed/test_0958.py::test_task_func - assert 10 == 12
FAILED passed/test_0960.py::test_task_func_returns_string_with_random_characters
FAILED passed/test_0970.py::test_task_func_output_dataframe_has_correct_values
FAILED passed/test_0980.py::test_task_func - assert None == 42
FAILED passed/test_1019.py::test_task_func_with_lxml_parser - assert None == ...
FAILED passed/test_1062.py::test_task_func - assert False
FAILED passed/test_1072.py::test_task_func - assert 1 == 3
FAILED passed/test_1080.py::test_task_func - assert np.float64(158.1138830084...
FAILED passed/test_1083.py::test_task_func_with_valid_data - assert np.float6...
FAILED passed/test_1083.py::test_task_func_with_invalid_data - assert np.floa...
FAILED passed/test_1083.py::test_task_func_with_empty_data - assert nan == nan
FAILED passed/test_1117.py::test_task_func - assert 26 == 22
FAILED passed/test_1139.py::test_task_func - assert 36 == 3
================ 126 failed, 202 passed, 86 warnings in 25.23s =================
---REPORT---
<unknown>:15: SyntaxWarning: invalid escape sequence '\s'
/work/tomohiro-w/utg/src/src_0102.py:15: SyntaxWarning: invalid escape sequence '\s'
  raw_df = pd.read_csv(data_url, sep="\s+", skiprows=22, header=None)
<unknown>:5: SyntaxWarning: invalid escape sequence '\d'
/work/tomohiro-w/utg/src/src_0282.py:5: SyntaxWarning: invalid escape sequence '\d'
  IP_REGEX = re.compile('\d{1,3}\.\d{1,3}\.\d{1,3}\.\d{1,3}')
<unknown>:11: SyntaxWarning: invalid escape sequence '\['
/work/tomohiro-w/utg/src/src_0314.py:11: SyntaxWarning: invalid escape sequence '\['
  match = re.search('(.*?)\[.*?\]', content)
<unknown>:6: SyntaxWarning: invalid escape sequence '\P'
<unknown>:7: SyntaxWarning: invalid escape sequence '\P'
/work/tomohiro-w/utg/src/src_0323.py:6: SyntaxWarning: invalid escape sequence '\P'
  DIRECTORY = 'c:\Program Files\VMware\VMware Server'
/work/tomohiro-w/utg/src/src_0323.py:7: SyntaxWarning: invalid escape sequence '\P'
  BACKUP_DIRECTORY = 'c:\Program Files\VMware\VMware Server\Backup'
<unknown>:12: SyntaxWarning: invalid escape sequence '\s'
/work/tomohiro-w/utg/src/src_0481.py:12: SyntaxWarning: invalid escape sequence '\s'
  substrings = re.split("\s*,\s*", s)
<unknown>:11: SyntaxWarning: invalid escape sequence '\s'
/work/tomohiro-w/utg/src/src_0482.py:11: SyntaxWarning: invalid escape sequence '\s'
  substrings = re.split("\s*,\s*", s)
<unknown>:8: SyntaxWarning: invalid escape sequence '\W'
/work/tomohiro-w/utg/src/src_0656.py:8: SyntaxWarning: invalid escape sequence '\W'
  ALPHANUMERIC = re.compile('[\W_]+')
<unknown>:7: SyntaxWarning: invalid escape sequence '\W'
/work/tomohiro-w/utg/src/src_0657.py:7: SyntaxWarning: invalid escape sequence '\W'
  ALPHANUMERIC = re.compile('[\W_]+')
<unknown>:5: SyntaxWarning: invalid escape sequence '\W'
/work/tomohiro-w/utg/src/src_0658.py:5: SyntaxWarning: invalid escape sequence '\W'
  ALPHANUMERIC = re.compile('[\W_]+')
<unknown>:8: SyntaxWarning: invalid escape sequence '\W'
/work/tomohiro-w/utg/src/src_0659.py:8: SyntaxWarning: invalid escape sequence '\W'
  ALPHANUMERIC = re.compile('[\W_]+')
<unknown>:8: SyntaxWarning: invalid escape sequence '\W'
/work/tomohiro-w/utg/src/src_0733.py:8: SyntaxWarning: invalid escape sequence '\W'
  words = [word.strip(string.punctuation).lower() for word in re.split('\W+', ' '.join(content))]
<unknown>:9: SyntaxWarning: invalid escape sequence '\]'
/work/tomohiro-w/utg/src/src_0798.py:9: SyntaxWarning: invalid escape sequence '\]'
  BRACKETS_PATTERN = '[(){}[\]]'
<unknown>:8: SyntaxWarning: invalid escape sequence '\s'
/work/tomohiro-w/utg/src/src_0839.py:8: SyntaxWarning: invalid escape sequence '\s'
  text = re.sub('[^\sa-zA-Z0-9]', '', text).lower().strip()
<unknown>:14: SyntaxWarning: invalid escape sequence '\s'
/work/tomohiro-w/utg/src/src_0842.py:14: SyntaxWarning: invalid escape sequence '\s'
  text = re.sub('[^\sa-zA-Z0-9]', '', text).lower().strip()
<unknown>:6: SyntaxWarning: invalid escape sequence '\W'
/work/tomohiro-w/utg/src/src_0846.py:6: SyntaxWarning: invalid escape sequence '\W'
  ALPHANUMERIC = re.compile('[\W_]+')
<unknown>:4: SyntaxWarning: invalid escape sequence '\d'
/work/tomohiro-w/utg/src/src_0882.py:4: SyntaxWarning: invalid escape sequence '\d'
  def task_func(csv_file, column_name='data', pattern='\d+[xX]', sample_size=None, seed=42):
<unknown>:4: SyntaxWarning: invalid escape sequence '\d'
/work/tomohiro-w/utg/src/src_0883.py:4: SyntaxWarning: invalid escape sequence '\d'
  def task_func(db_file, table_name, column_name, pattern='\d+[xX]'):
<unknown>:5: SyntaxWarning: invalid escape sequence '\s'
/work/tomohiro-w/utg/src/src_0958.py:5: SyntaxWarning: invalid escape sequence '\s'
  chars = re.sub("\s", "", re.sub(f"[{string.punctuation}]", "", text))
<unknown>:20: SyntaxWarning: invalid escape sequence '\S'
/work/tomohiro-w/utg/src/src_1098.py:20: SyntaxWarning: invalid escape sequence '\S'
  text = re.sub('http[s]?://\S+', '', text)
<unknown>:5: SyntaxWarning: invalid escape sequence '\S'
/work/tomohiro-w/utg/src/src_1099.py:5: SyntaxWarning: invalid escape sequence '\S'
  text = re.sub('http[s]?://\S+', '', text)
<unknown>:17: SyntaxWarning: invalid escape sequence '\S'
/work/tomohiro-w/utg/src/src_1100.py:17: SyntaxWarning: invalid escape sequence '\S'
  text = re.sub('http[s]?://\S+', '', text)
<unknown>:10: SyntaxWarning: invalid escape sequence '\S'
/work/tomohiro-w/utg/src/src_1101.py:10: SyntaxWarning: invalid escape sequence '\S'
  cleaned_texts = [re.sub('http[s]?://\S+', '', text) for text in texts]
Name                                   Stmts   Miss  Cover
----------------------------------------------------------
/work/tomohiro-w/utg/src/src_0001.py      12     12     0%
/work/tomohiro-w/utg/src/src_0002.py       9      9     0%
/work/tomohiro-w/utg/src/src_0003.py       6      6     0%
/work/tomohiro-w/utg/src/src_0004.py       6      0   100%
/work/tomohiro-w/utg/src/src_0005.py       5      5     0%
/work/tomohiro-w/utg/src/src_0006.py       6      0   100%
/work/tomohiro-w/utg/src/src_0007.py       6      6     0%
/work/tomohiro-w/utg/src/src_0008.py      13     13     0%
/work/tomohiro-w/utg/src/src_0009.py      10     10     0%
/work/tomohiro-w/utg/src/src_0010.py      10     10     0%
/work/tomohiro-w/utg/src/src_0011.py      15     15     0%
/work/tomohiro-w/utg/src/src_0012.py      12      0   100%
/work/tomohiro-w/utg/src/src_0013.py      20     20     0%
/work/tomohiro-w/utg/src/src_0014.py      26     26     0%
/work/tomohiro-w/utg/src/src_0015.py      14     14     0%
/work/tomohiro-w/utg/src/src_0016.py      20     20     0%
/work/tomohiro-w/utg/src/src_0017.py      16     16     0%
/work/tomohiro-w/utg/src/src_0018.py      14     14     0%
/work/tomohiro-w/utg/src/src_0019.py      27     27     0%
/work/tomohiro-w/utg/src/src_0020.py      14     14     0%
/work/tomohiro-w/utg/src/src_0021.py       9      9     0%
/work/tomohiro-w/utg/src/src_0022.py      10      0   100%
/work/tomohiro-w/utg/src/src_0023.py       8      8     0%
/work/tomohiro-w/utg/src/src_0024.py       7      7     0%
/work/tomohiro-w/utg/src/src_0025.py       9      0   100%
/work/tomohiro-w/utg/src/src_0026.py       7      7     0%
/work/tomohiro-w/utg/src/src_0027.py       6      6     0%
/work/tomohiro-w/utg/src/src_0028.py       8      8     0%
/work/tomohiro-w/utg/src/src_0029.py       8      8     0%
/work/tomohiro-w/utg/src/src_0030.py       9      9     0%
/work/tomohiro-w/utg/src/src_0031.py      16     16     0%
/work/tomohiro-w/utg/src/src_0032.py      14     14     0%
/work/tomohiro-w/utg/src/src_0033.py       7      0   100%
/work/tomohiro-w/utg/src/src_0034.py       7      7     0%
/work/tomohiro-w/utg/src/src_0035.py      12     12     0%
/work/tomohiro-w/utg/src/src_0036.py       9      9     0%
/work/tomohiro-w/utg/src/src_0037.py      21     21     0%
/work/tomohiro-w/utg/src/src_0038.py      15     15     0%
/work/tomohiro-w/utg/src/src_0039.py      12     12     0%
/work/tomohiro-w/utg/src/src_0040.py      15     15     0%
/work/tomohiro-w/utg/src/src_0041.py      11      0   100%
/work/tomohiro-w/utg/src/src_0042.py       9      9     0%
/work/tomohiro-w/utg/src/src_0043.py      13     13     0%
/work/tomohiro-w/utg/src/src_0044.py      10     10     0%
/work/tomohiro-w/utg/src/src_0045.py       9      9     0%
/work/tomohiro-w/utg/src/src_0046.py      14     14     0%
/work/tomohiro-w/utg/src/src_0047.py       8      8     0%
/work/tomohiro-w/utg/src/src_0048.py      10     10     0%
/work/tomohiro-w/utg/src/src_0049.py      16     16     0%
/work/tomohiro-w/utg/src/src_0050.py      12     12     0%
/work/tomohiro-w/utg/src/src_0051.py      16     16     0%
/work/tomohiro-w/utg/src/src_0052.py      16     16     0%
/work/tomohiro-w/utg/src/src_0053.py       8      8     0%
/work/tomohiro-w/utg/src/src_0054.py      16     16     0%
/work/tomohiro-w/utg/src/src_0055.py      10     10     0%
/work/tomohiro-w/utg/src/src_0056.py      14     14     0%
/work/tomohiro-w/utg/src/src_0057.py       9      9     0%
/work/tomohiro-w/utg/src/src_0058.py      10     10     0%
/work/tomohiro-w/utg/src/src_0059.py      14     14     0%
/work/tomohiro-w/utg/src/src_0060.py      15      6    60%
/work/tomohiro-w/utg/src/src_0061.py       8      8     0%
/work/tomohiro-w/utg/src/src_0062.py      20      0   100%
/work/tomohiro-w/utg/src/src_0063.py       9      9     0%
/work/tomohiro-w/utg/src/src_0064.py      14     14     0%
/work/tomohiro-w/utg/src/src_0065.py      11     11     0%
/work/tomohiro-w/utg/src/src_0066.py      11     11     0%
/work/tomohiro-w/utg/src/src_0067.py       8      8     0%
/work/tomohiro-w/utg/src/src_0068.py      10     10     0%
/work/tomohiro-w/utg/src/src_0069.py       7      7     0%
/work/tomohiro-w/utg/src/src_0070.py      16     16     0%
/work/tomohiro-w/utg/src/src_0071.py      14     14     0%
/work/tomohiro-w/utg/src/src_0072.py      12     12     0%
/work/tomohiro-w/utg/src/src_0073.py      19     19     0%
/work/tomohiro-w/utg/src/src_0074.py      15     15     0%
/work/tomohiro-w/utg/src/src_0075.py      13     13     0%
/work/tomohiro-w/utg/src/src_0076.py      24      0   100%
/work/tomohiro-w/utg/src/src_0077.py      12     12     0%
/work/tomohiro-w/utg/src/src_0078.py      14     14     0%
/work/tomohiro-w/utg/src/src_0079.py      12     12     0%
/work/tomohiro-w/utg/src/src_0080.py      13     13     0%
/work/tomohiro-w/utg/src/src_0081.py      12     12     0%
/work/tomohiro-w/utg/src/src_0082.py      13     13     0%
/work/tomohiro-w/utg/src/src_0083.py      42     42     0%
/work/tomohiro-w/utg/src/src_0084.py      18     18     0%
/work/tomohiro-w/utg/src/src_0085.py      24     24     0%
/work/tomohiro-w/utg/src/src_0086.py      19     19     0%
/work/tomohiro-w/utg/src/src_0087.py      10     10     0%
/work/tomohiro-w/utg/src/src_0088.py      11     11     0%
/work/tomohiro-w/utg/src/src_0089.py      15     15     0%
/work/tomohiro-w/utg/src/src_0090.py      21      0   100%
/work/tomohiro-w/utg/src/src_0091.py      18     18     0%
/work/tomohiro-w/utg/src/src_0092.py      13     13     0%
/work/tomohiro-w/utg/src/src_0093.py      20     20     0%
/work/tomohiro-w/utg/src/src_0094.py      13     13     0%
/work/tomohiro-w/utg/src/src_0095.py      14     14     0%
/work/tomohiro-w/utg/src/src_0096.py      19     19     0%
/work/tomohiro-w/utg/src/src_0097.py      12     12     0%
/work/tomohiro-w/utg/src/src_0098.py      11     11     0%
/work/tomohiro-w/utg/src/src_0099.py       9      9     0%
/work/tomohiro-w/utg/src/src_0100.py      12     12     0%
/work/tomohiro-w/utg/src/src_0101.py      19     19     0%
/work/tomohiro-w/utg/src/src_0102.py      20     20     0%
/work/tomohiro-w/utg/src/src_0103.py      11     11     0%
/work/tomohiro-w/utg/src/src_0104.py      16     16     0%
/work/tomohiro-w/utg/src/src_0105.py      16     16     0%
/work/tomohiro-w/utg/src/src_0106.py      19     19     0%
/work/tomohiro-w/utg/src/src_0107.py      19     19     0%
/work/tomohiro-w/utg/src/src_0108.py      19     19     0%
/work/tomohiro-w/utg/src/src_0109.py      21     21     0%
/work/tomohiro-w/utg/src/src_0110.py      13     13     0%
/work/tomohiro-w/utg/src/src_0111.py      15     15     0%
/work/tomohiro-w/utg/src/src_0112.py      12     12     0%
/work/tomohiro-w/utg/src/src_0113.py      10     10     0%
/work/tomohiro-w/utg/src/src_0114.py      17     17     0%
/work/tomohiro-w/utg/src/src_0115.py      10      0   100%
/work/tomohiro-w/utg/src/src_0116.py      12     12     0%
/work/tomohiro-w/utg/src/src_0117.py      11      0   100%
/work/tomohiro-w/utg/src/src_0118.py      20      0   100%
/work/tomohiro-w/utg/src/src_0119.py      13     13     0%
/work/tomohiro-w/utg/src/src_0120.py      12     12     0%
/work/tomohiro-w/utg/src/src_0121.py      12     12     0%
/work/tomohiro-w/utg/src/src_0122.py      18     18     0%
/work/tomohiro-w/utg/src/src_0123.py       8      0   100%
/work/tomohiro-w/utg/src/src_0124.py      14     14     0%
/work/tomohiro-w/utg/src/src_0125.py      20     20     0%
/work/tomohiro-w/utg/src/src_0126.py      14     14     0%
/work/tomohiro-w/utg/src/src_0127.py      17      0   100%
/work/tomohiro-w/utg/src/src_0128.py      16     16     0%
/work/tomohiro-w/utg/src/src_0129.py      18     18     0%
/work/tomohiro-w/utg/src/src_0130.py      30     30     0%
/work/tomohiro-w/utg/src/src_0131.py      10     10     0%
/work/tomohiro-w/utg/src/src_0132.py      10     10     0%
/work/tomohiro-w/utg/src/src_0133.py      18     18     0%
/work/tomohiro-w/utg/src/src_0134.py      17      0   100%
/work/tomohiro-w/utg/src/src_0135.py      13      0   100%
/work/tomohiro-w/utg/src/src_0136.py      16      0   100%
/work/tomohiro-w/utg/src/src_0137.py      17      0   100%
/work/tomohiro-w/utg/src/src_0138.py       8      8     0%
/work/tomohiro-w/utg/src/src_0139.py      12     12     0%
/work/tomohiro-w/utg/src/src_0140.py      17      0   100%
/work/tomohiro-w/utg/src/src_0141.py      12     12     0%
/work/tomohiro-w/utg/src/src_0142.py      13     13     0%
/work/tomohiro-w/utg/src/src_0143.py      15      0   100%
/work/tomohiro-w/utg/src/src_0144.py      16     16     0%
/work/tomohiro-w/utg/src/src_0145.py      16     16     0%
/work/tomohiro-w/utg/src/src_0146.py      10     10     0%
/work/tomohiro-w/utg/src/src_0147.py      11     11     0%
/work/tomohiro-w/utg/src/src_0148.py      22      1    95%
/work/tomohiro-w/utg/src/src_0149.py       6      0   100%
/work/tomohiro-w/utg/src/src_0150.py      13     13     0%
/work/tomohiro-w/utg/src/src_0151.py      19     19     0%
/work/tomohiro-w/utg/src/src_0152.py      15     15     0%
/work/tomohiro-w/utg/src/src_0153.py      14      0   100%
/work/tomohiro-w/utg/src/src_0154.py       7      7     0%
/work/tomohiro-w/utg/src/src_0155.py      13     13     0%
/work/tomohiro-w/utg/src/src_0156.py      10     10     0%
/work/tomohiro-w/utg/src/src_0157.py      12      0   100%
/work/tomohiro-w/utg/src/src_0158.py      10     10     0%
/work/tomohiro-w/utg/src/src_0159.py      11     11     0%
/work/tomohiro-w/utg/src/src_0160.py       8      8     0%
/work/tomohiro-w/utg/src/src_0161.py      14     14     0%
/work/tomohiro-w/utg/src/src_0162.py      23     23     0%
/work/tomohiro-w/utg/src/src_0163.py      15      1    93%
/work/tomohiro-w/utg/src/src_0164.py      12     12     0%
/work/tomohiro-w/utg/src/src_0165.py      10     10     0%
/work/tomohiro-w/utg/src/src_0166.py       9      9     0%
/work/tomohiro-w/utg/src/src_0167.py      12     12     0%
/work/tomohiro-w/utg/src/src_0168.py       9      9     0%
/work/tomohiro-w/utg/src/src_0169.py      12     12     0%
/work/tomohiro-w/utg/src/src_0170.py      15     15     0%
/work/tomohiro-w/utg/src/src_0171.py      10     10     0%
/work/tomohiro-w/utg/src/src_0172.py      11     11     0%
/work/tomohiro-w/utg/src/src_0173.py      10     10     0%
/work/tomohiro-w/utg/src/src_0174.py       7      0   100%
/work/tomohiro-w/utg/src/src_0175.py       8      0   100%
/work/tomohiro-w/utg/src/src_0176.py      17     17     0%
/work/tomohiro-w/utg/src/src_0177.py      13     13     0%
/work/tomohiro-w/utg/src/src_0178.py      19     19     0%
/work/tomohiro-w/utg/src/src_0179.py      13     13     0%
/work/tomohiro-w/utg/src/src_0180.py      20     20     0%
/work/tomohiro-w/utg/src/src_0181.py      18     18     0%
/work/tomohiro-w/utg/src/src_0182.py       9      9     0%
/work/tomohiro-w/utg/src/src_0183.py      13     13     0%
/work/tomohiro-w/utg/src/src_0184.py       7      7     0%
/work/tomohiro-w/utg/src/src_0185.py      15     15     0%
/work/tomohiro-w/utg/src/src_0186.py      18     18     0%
/work/tomohiro-w/utg/src/src_0187.py      14     14     0%
/work/tomohiro-w/utg/src/src_0188.py      14     14     0%
/work/tomohiro-w/utg/src/src_0189.py      19     19     0%
/work/tomohiro-w/utg/src/src_0190.py      12     12     0%
/work/tomohiro-w/utg/src/src_0191.py      22     22     0%
/work/tomohiro-w/utg/src/src_0192.py      11     11     0%
/work/tomohiro-w/utg/src/src_0193.py      20     20     0%
/work/tomohiro-w/utg/src/src_0194.py      22     22     0%
/work/tomohiro-w/utg/src/src_0195.py       9      9     0%
/work/tomohiro-w/utg/src/src_0196.py      13     13     0%
/work/tomohiro-w/utg/src/src_0197.py      14     14     0%
/work/tomohiro-w/utg/src/src_0198.py       9      0   100%
/work/tomohiro-w/utg/src/src_0199.py      16      0   100%
/work/tomohiro-w/utg/src/src_0200.py      18     18     0%
/work/tomohiro-w/utg/src/src_0201.py      16     16     0%
/work/tomohiro-w/utg/src/src_0202.py      15     15     0%
/work/tomohiro-w/utg/src/src_0203.py      19     19     0%
/work/tomohiro-w/utg/src/src_0204.py      26     26     0%
/work/tomohiro-w/utg/src/src_0205.py      13     13     0%
/work/tomohiro-w/utg/src/src_0206.py      12      0   100%
/work/tomohiro-w/utg/src/src_0207.py      15      0   100%
/work/tomohiro-w/utg/src/src_0208.py       6      6     0%
/work/tomohiro-w/utg/src/src_0209.py      14     14     0%
/work/tomohiro-w/utg/src/src_0210.py      16     16     0%
/work/tomohiro-w/utg/src/src_0211.py      16     16     0%
/work/tomohiro-w/utg/src/src_0212.py      15     15     0%
/work/tomohiro-w/utg/src/src_0213.py      16     16     0%
/work/tomohiro-w/utg/src/src_0214.py      20     20     0%
/work/tomohiro-w/utg/src/src_0215.py      18     18     0%
/work/tomohiro-w/utg/src/src_0216.py      15     15     0%
/work/tomohiro-w/utg/src/src_0217.py      14     14     0%
/work/tomohiro-w/utg/src/src_0218.py      15     15     0%
/work/tomohiro-w/utg/src/src_0219.py      18     18     0%
/work/tomohiro-w/utg/src/src_0220.py      13     13     0%
/work/tomohiro-w/utg/src/src_0221.py      15     15     0%
/work/tomohiro-w/utg/src/src_0222.py      16     16     0%
/work/tomohiro-w/utg/src/src_0223.py      11     11     0%
/work/tomohiro-w/utg/src/src_0224.py      14     14     0%
/work/tomohiro-w/utg/src/src_0225.py      16     16     0%
/work/tomohiro-w/utg/src/src_0226.py      12     12     0%
/work/tomohiro-w/utg/src/src_0227.py      14     14     0%
/work/tomohiro-w/utg/src/src_0228.py      17     17     0%
/work/tomohiro-w/utg/src/src_0229.py       9      9     0%
/work/tomohiro-w/utg/src/src_0230.py      18     18     0%
/work/tomohiro-w/utg/src/src_0231.py      20     20     0%
/work/tomohiro-w/utg/src/src_0232.py      26     26     0%
/work/tomohiro-w/utg/src/src_0233.py       9      0   100%
/work/tomohiro-w/utg/src/src_0234.py      17     17     0%
/work/tomohiro-w/utg/src/src_0235.py      18     18     0%
/work/tomohiro-w/utg/src/src_0236.py      13     13     0%
/work/tomohiro-w/utg/src/src_0237.py      16     16     0%
/work/tomohiro-w/utg/src/src_0238.py      18     18     0%
/work/tomohiro-w/utg/src/src_0239.py      14     14     0%
/work/tomohiro-w/utg/src/src_0240.py      16      0   100%
/work/tomohiro-w/utg/src/src_0241.py       6      6     0%
/work/tomohiro-w/utg/src/src_0242.py      14     14     0%
/work/tomohiro-w/utg/src/src_0243.py      18     18     0%
/work/tomohiro-w/utg/src/src_0244.py      11     11     0%
/work/tomohiro-w/utg/src/src_0245.py      12      2    83%
/work/tomohiro-w/utg/src/src_0246.py      10     10     0%
/work/tomohiro-w/utg/src/src_0247.py      16     16     0%
/work/tomohiro-w/utg/src/src_0248.py      14     14     0%
/work/tomohiro-w/utg/src/src_0249.py      12     12     0%
/work/tomohiro-w/utg/src/src_0250.py       8      8     0%
/work/tomohiro-w/utg/src/src_0251.py      10     10     0%
/work/tomohiro-w/utg/src/src_0252.py      13     13     0%
/work/tomohiro-w/utg/src/src_0253.py       9      9     0%
/work/tomohiro-w/utg/src/src_0254.py      10     10     0%
/work/tomohiro-w/utg/src/src_0255.py       6      0   100%
/work/tomohiro-w/utg/src/src_0256.py      12     12     0%
/work/tomohiro-w/utg/src/src_0257.py      16     16     0%
/work/tomohiro-w/utg/src/src_0258.py       8      8     0%
/work/tomohiro-w/utg/src/src_0259.py       9      9     0%
/work/tomohiro-w/utg/src/src_0260.py      10     10     0%
/work/tomohiro-w/utg/src/src_0261.py      18     18     0%
/work/tomohiro-w/utg/src/src_0262.py      11     11     0%
/work/tomohiro-w/utg/src/src_0263.py      11     11     0%
/work/tomohiro-w/utg/src/src_0264.py      14     14     0%
/work/tomohiro-w/utg/src/src_0265.py      15     15     0%
/work/tomohiro-w/utg/src/src_0266.py      11     11     0%
/work/tomohiro-w/utg/src/src_0267.py      17     17     0%
/work/tomohiro-w/utg/src/src_0268.py      15      0   100%
/work/tomohiro-w/utg/src/src_0269.py       7      7     0%
/work/tomohiro-w/utg/src/src_0270.py      19     19     0%
/work/tomohiro-w/utg/src/src_0271.py       5      5     0%
/work/tomohiro-w/utg/src/src_0272.py      13     13     0%
/work/tomohiro-w/utg/src/src_0273.py      28     28     0%
/work/tomohiro-w/utg/src/src_0274.py      27     27     0%
/work/tomohiro-w/utg/src/src_0275.py      40     40     0%
/work/tomohiro-w/utg/src/src_0276.py       8      0   100%
/work/tomohiro-w/utg/src/src_0277.py      14     14     0%
/work/tomohiro-w/utg/src/src_0278.py       9      9     0%
/work/tomohiro-w/utg/src/src_0279.py      12      0   100%
/work/tomohiro-w/utg/src/src_0280.py      11     11     0%
/work/tomohiro-w/utg/src/src_0281.py      14     14     0%
/work/tomohiro-w/utg/src/src_0282.py      13     13     0%
/work/tomohiro-w/utg/src/src_0283.py      17     17     0%
/work/tomohiro-w/utg/src/src_0284.py      13     13     0%
/work/tomohiro-w/utg/src/src_0285.py       9      9     0%
/work/tomohiro-w/utg/src/src_0286.py      12     12     0%
/work/tomohiro-w/utg/src/src_0287.py      23     11    52%
/work/tomohiro-w/utg/src/src_0288.py      17     17     0%
/work/tomohiro-w/utg/src/src_0289.py      13     13     0%
/work/tomohiro-w/utg/src/src_0290.py      16     16     0%
/work/tomohiro-w/utg/src/src_0291.py      15     15     0%
/work/tomohiro-w/utg/src/src_0292.py       9      9     0%
/work/tomohiro-w/utg/src/src_0293.py       8      8     0%
/work/tomohiro-w/utg/src/src_0294.py       8      0   100%
/work/tomohiro-w/utg/src/src_0295.py       9      9     0%
/work/tomohiro-w/utg/src/src_0296.py       6      6     0%
/work/tomohiro-w/utg/src/src_0297.py      11      0   100%
/work/tomohiro-w/utg/src/src_0298.py       6      0   100%
/work/tomohiro-w/utg/src/src_0299.py      17     17     0%
/work/tomohiro-w/utg/src/src_0300.py      12     12     0%
/work/tomohiro-w/utg/src/src_0301.py      14     14     0%
/work/tomohiro-w/utg/src/src_0302.py      14     14     0%
/work/tomohiro-w/utg/src/src_0303.py      16     16     0%
/work/tomohiro-w/utg/src/src_0304.py      14      0   100%
/work/tomohiro-w/utg/src/src_0305.py      17     11    35%
/work/tomohiro-w/utg/src/src_0306.py      12     12     0%
/work/tomohiro-w/utg/src/src_0307.py      19     19     0%
/work/tomohiro-w/utg/src/src_0308.py      13     13     0%
/work/tomohiro-w/utg/src/src_0309.py      12     12     0%
/work/tomohiro-w/utg/src/src_0310.py      15      1    93%
/work/tomohiro-w/utg/src/src_0311.py      16     16     0%
/work/tomohiro-w/utg/src/src_0312.py      11     11     0%
/work/tomohiro-w/utg/src/src_0313.py       7      7     0%
/work/tomohiro-w/utg/src/src_0314.py      21     21     0%
/work/tomohiro-w/utg/src/src_0315.py      11     11     0%
/work/tomohiro-w/utg/src/src_0316.py      21     21     0%
/work/tomohiro-w/utg/src/src_0317.py       7      7     0%
/work/tomohiro-w/utg/src/src_0318.py      13     13     0%
/work/tomohiro-w/utg/src/src_0319.py       9      9     0%
/work/tomohiro-w/utg/src/src_0320.py      14     14     0%
/work/tomohiro-w/utg/src/src_0321.py      14      2    86%
/work/tomohiro-w/utg/src/src_0322.py      17      3    82%
/work/tomohiro-w/utg/src/src_0323.py      20     20     0%
/work/tomohiro-w/utg/src/src_0324.py      17     17     0%
/work/tomohiro-w/utg/src/src_0325.py      16     16     0%
/work/tomohiro-w/utg/src/src_0326.py      14     14     0%
/work/tomohiro-w/utg/src/src_0327.py      16      7    56%
/work/tomohiro-w/utg/src/src_0328.py      10     10     0%
/work/tomohiro-w/utg/src/src_0329.py      20     20     0%
/work/tomohiro-w/utg/src/src_0330.py      10     10     0%
/work/tomohiro-w/utg/src/src_0331.py       7      0   100%
/work/tomohiro-w/utg/src/src_0332.py       7      7     0%
/work/tomohiro-w/utg/src/src_0333.py       8      8     0%
/work/tomohiro-w/utg/src/src_0334.py       7      7     0%
/work/tomohiro-w/utg/src/src_0335.py       8      8     0%
/work/tomohiro-w/utg/src/src_0336.py      15     15     0%
/work/tomohiro-w/utg/src/src_0337.py      14     14     0%
/work/tomohiro-w/utg/src/src_0338.py      16     16     0%
/work/tomohiro-w/utg/src/src_0339.py      19      0   100%
/work/tomohiro-w/utg/src/src_0340.py      12     12     0%
/work/tomohiro-w/utg/src/src_0341.py       8      8     0%
/work/tomohiro-w/utg/src/src_0342.py      14      2    86%
/work/tomohiro-w/utg/src/src_0343.py      13     13     0%
/work/tomohiro-w/utg/src/src_0344.py      11     11     0%
/work/tomohiro-w/utg/src/src_0345.py      13     13     0%
/work/tomohiro-w/utg/src/src_0346.py       7      7     0%
/work/tomohiro-w/utg/src/src_0347.py      15     15     0%
/work/tomohiro-w/utg/src/src_0348.py       9      9     0%
/work/tomohiro-w/utg/src/src_0349.py      13     13     0%
/work/tomohiro-w/utg/src/src_0350.py      11     11     0%
/work/tomohiro-w/utg/src/src_0351.py      26     26     0%
/work/tomohiro-w/utg/src/src_0352.py      11      0   100%
/work/tomohiro-w/utg/src/src_0353.py      13     13     0%
/work/tomohiro-w/utg/src/src_0354.py      12     12     0%
/work/tomohiro-w/utg/src/src_0355.py      11     11     0%
/work/tomohiro-w/utg/src/src_0356.py      16     16     0%
/work/tomohiro-w/utg/src/src_0357.py      21     21     0%
/work/tomohiro-w/utg/src/src_0358.py      15      1    93%
/work/tomohiro-w/utg/src/src_0359.py       9      2    78%
/work/tomohiro-w/utg/src/src_0360.py       9      0   100%
/work/tomohiro-w/utg/src/src_0361.py      22     22     0%
/work/tomohiro-w/utg/src/src_0362.py      17     17     0%
/work/tomohiro-w/utg/src/src_0363.py      12     12     0%
/work/tomohiro-w/utg/src/src_0364.py      10      1    90%
/work/tomohiro-w/utg/src/src_0365.py      14     14     0%
/work/tomohiro-w/utg/src/src_0366.py      14     14     0%
/work/tomohiro-w/utg/src/src_0367.py      11      0   100%
/work/tomohiro-w/utg/src/src_0368.py      19     19     0%
/work/tomohiro-w/utg/src/src_0369.py      13     13     0%
/work/tomohiro-w/utg/src/src_0370.py      14     14     0%
/work/tomohiro-w/utg/src/src_0371.py      18     18     0%
/work/tomohiro-w/utg/src/src_0372.py       7      7     0%
/work/tomohiro-w/utg/src/src_0373.py      13     13     0%
/work/tomohiro-w/utg/src/src_0374.py      14     14     0%
/work/tomohiro-w/utg/src/src_0375.py      19     19     0%
/work/tomohiro-w/utg/src/src_0376.py      12     12     0%
/work/tomohiro-w/utg/src/src_0377.py       9      9     0%
/work/tomohiro-w/utg/src/src_0378.py      10     10     0%
/work/tomohiro-w/utg/src/src_0379.py      22     22     0%
/work/tomohiro-w/utg/src/src_0380.py       7      7     0%
/work/tomohiro-w/utg/src/src_0381.py      11     11     0%
/work/tomohiro-w/utg/src/src_0382.py      21     21     0%
/work/tomohiro-w/utg/src/src_0383.py      12     12     0%
/work/tomohiro-w/utg/src/src_0384.py      12     12     0%
/work/tomohiro-w/utg/src/src_0385.py      14     14     0%
/work/tomohiro-w/utg/src/src_0386.py       8      8     0%
/work/tomohiro-w/utg/src/src_0387.py       8      8     0%
/work/tomohiro-w/utg/src/src_0388.py      14     14     0%
/work/tomohiro-w/utg/src/src_0389.py      10     10     0%
/work/tomohiro-w/utg/src/src_0390.py      11     11     0%
/work/tomohiro-w/utg/src/src_0391.py      12     12     0%
/work/tomohiro-w/utg/src/src_0392.py      15     15     0%
/work/tomohiro-w/utg/src/src_0393.py      18     18     0%
/work/tomohiro-w/utg/src/src_0394.py      12     12     0%
/work/tomohiro-w/utg/src/src_0395.py       8      8     0%
/work/tomohiro-w/utg/src/src_0396.py      19     19     0%
/work/tomohiro-w/utg/src/src_0397.py      14     14     0%
/work/tomohiro-w/utg/src/src_0398.py      14     14     0%
/work/tomohiro-w/utg/src/src_0399.py      11      2    82%
/work/tomohiro-w/utg/src/src_0400.py      17      0   100%
/work/tomohiro-w/utg/src/src_0401.py      14     14     0%
/work/tomohiro-w/utg/src/src_0402.py      12     12     0%
/work/tomohiro-w/utg/src/src_0403.py      14     14     0%
/work/tomohiro-w/utg/src/src_0404.py      12     12     0%
/work/tomohiro-w/utg/src/src_0405.py      10     10     0%
/work/tomohiro-w/utg/src/src_0406.py       8      8     0%
/work/tomohiro-w/utg/src/src_0407.py      19     19     0%
/work/tomohiro-w/utg/src/src_0408.py      16     16     0%
/work/tomohiro-w/utg/src/src_0409.py       5      5     0%
/work/tomohiro-w/utg/src/src_0410.py      14     14     0%
/work/tomohiro-w/utg/src/src_0411.py      18     18     0%
/work/tomohiro-w/utg/src/src_0412.py       9      9     0%
/work/tomohiro-w/utg/src/src_0413.py       9      9     0%
/work/tomohiro-w/utg/src/src_0414.py      10     10     0%
/work/tomohiro-w/utg/src/src_0415.py      10     10     0%
/work/tomohiro-w/utg/src/src_0416.py       9      0   100%
/work/tomohiro-w/utg/src/src_0417.py      10     10     0%
/work/tomohiro-w/utg/src/src_0418.py      18     18     0%
/work/tomohiro-w/utg/src/src_0419.py      20     20     0%
/work/tomohiro-w/utg/src/src_0420.py      19     19     0%
/work/tomohiro-w/utg/src/src_0421.py      12     12     0%
/work/tomohiro-w/utg/src/src_0422.py      16     16     0%
/work/tomohiro-w/utg/src/src_0423.py       8      8     0%
/work/tomohiro-w/utg/src/src_0424.py      11     11     0%
/work/tomohiro-w/utg/src/src_0425.py      25     25     0%
/work/tomohiro-w/utg/src/src_0426.py      15     15     0%
/work/tomohiro-w/utg/src/src_0427.py      12     12     0%
/work/tomohiro-w/utg/src/src_0428.py      18      0   100%
/work/tomohiro-w/utg/src/src_0429.py      15     15     0%
/work/tomohiro-w/utg/src/src_0430.py      13     13     0%
/work/tomohiro-w/utg/src/src_0431.py      13     13     0%
/work/tomohiro-w/utg/src/src_0432.py      11     11     0%
/work/tomohiro-w/utg/src/src_0433.py       8      8     0%
/work/tomohiro-w/utg/src/src_0434.py       8      8     0%
/work/tomohiro-w/utg/src/src_0435.py      23     23     0%
/work/tomohiro-w/utg/src/src_0436.py      10     10     0%
/work/tomohiro-w/utg/src/src_0437.py      14     14     0%
/work/tomohiro-w/utg/src/src_0438.py       9      9     0%
/work/tomohiro-w/utg/src/src_0439.py      14     14     0%
/work/tomohiro-w/utg/src/src_0440.py       9      9     0%
/work/tomohiro-w/utg/src/src_0441.py      15     15     0%
/work/tomohiro-w/utg/src/src_0442.py      10     10     0%
/work/tomohiro-w/utg/src/src_0443.py      18     18     0%
/work/tomohiro-w/utg/src/src_0444.py      15      1    93%
/work/tomohiro-w/utg/src/src_0445.py       9      9     0%
/work/tomohiro-w/utg/src/src_0446.py      16     16     0%
/work/tomohiro-w/utg/src/src_0447.py       7      0   100%
/work/tomohiro-w/utg/src/src_0448.py      11     11     0%
/work/tomohiro-w/utg/src/src_0449.py       9      9     0%
/work/tomohiro-w/utg/src/src_0450.py      14      0   100%
/work/tomohiro-w/utg/src/src_0451.py      12      0   100%
/work/tomohiro-w/utg/src/src_0452.py      14     14     0%
/work/tomohiro-w/utg/src/src_0453.py      14      0   100%
/work/tomohiro-w/utg/src/src_0454.py       8      8     0%
/work/tomohiro-w/utg/src/src_0455.py      17     17     0%
/work/tomohiro-w/utg/src/src_0456.py      17     17     0%
/work/tomohiro-w/utg/src/src_0457.py      10     10     0%
/work/tomohiro-w/utg/src/src_0458.py       9      9     0%
/work/tomohiro-w/utg/src/src_0459.py      26     26     0%
/work/tomohiro-w/utg/src/src_0460.py      19     19     0%
/work/tomohiro-w/utg/src/src_0461.py      13     13     0%
/work/tomohiro-w/utg/src/src_0462.py      27     27     0%
/work/tomohiro-w/utg/src/src_0463.py       9      9     0%
/work/tomohiro-w/utg/src/src_0464.py       9      9     0%
/work/tomohiro-w/utg/src/src_0465.py      12     12     0%
/work/tomohiro-w/utg/src/src_0466.py      15     15     0%
/work/tomohiro-w/utg/src/src_0467.py      13     13     0%
/work/tomohiro-w/utg/src/src_0468.py      12      0   100%
/work/tomohiro-w/utg/src/src_0469.py       7      7     0%
/work/tomohiro-w/utg/src/src_0470.py      16     16     0%
/work/tomohiro-w/utg/src/src_0471.py       9      9     0%
/work/tomohiro-w/utg/src/src_0472.py       7      7     0%
/work/tomohiro-w/utg/src/src_0473.py      11      0   100%
/work/tomohiro-w/utg/src/src_0474.py      15      0   100%
/work/tomohiro-w/utg/src/src_0475.py      13     13     0%
/work/tomohiro-w/utg/src/src_0476.py      17     17     0%
/work/tomohiro-w/utg/src/src_0477.py      10     10     0%
/work/tomohiro-w/utg/src/src_0478.py      16     16     0%
/work/tomohiro-w/utg/src/src_0479.py      15     15     0%
/work/tomohiro-w/utg/src/src_0480.py      20     20     0%
/work/tomohiro-w/utg/src/src_0481.py      15     15     0%
/work/tomohiro-w/utg/src/src_0482.py      14     14     0%
/work/tomohiro-w/utg/src/src_0483.py      29     29     0%
/work/tomohiro-w/utg/src/src_0484.py      13     13     0%
/work/tomohiro-w/utg/src/src_0485.py      21      2    90%
/work/tomohiro-w/utg/src/src_0486.py      23      0   100%
/work/tomohiro-w/utg/src/src_0487.py      19     19     0%
/work/tomohiro-w/utg/src/src_0488.py      18     18     0%
/work/tomohiro-w/utg/src/src_0489.py      22     22     0%
/work/tomohiro-w/utg/src/src_0490.py      20     20     0%
/work/tomohiro-w/utg/src/src_0491.py       7      7     0%
/work/tomohiro-w/utg/src/src_0492.py      26     26     0%
/work/tomohiro-w/utg/src/src_0493.py      20     20     0%
/work/tomohiro-w/utg/src/src_0494.py      24     24     0%
/work/tomohiro-w/utg/src/src_0495.py      19     19     0%
/work/tomohiro-w/utg/src/src_0496.py      11     11     0%
/work/tomohiro-w/utg/src/src_0497.py      15     15     0%
/work/tomohiro-w/utg/src/src_0498.py       9      9     0%
/work/tomohiro-w/utg/src/src_0499.py      10     10     0%
/work/tomohiro-w/utg/src/src_0500.py      13     13     0%
/work/tomohiro-w/utg/src/src_0501.py      14     14     0%
/work/tomohiro-w/utg/src/src_0502.py      22     22     0%
/work/tomohiro-w/utg/src/src_0503.py      18     18     0%
/work/tomohiro-w/utg/src/src_0504.py      13     13     0%
/work/tomohiro-w/utg/src/src_0505.py      11     11     0%
/work/tomohiro-w/utg/src/src_0506.py       4      4     0%
/work/tomohiro-w/utg/src/src_0507.py      12      0   100%
/work/tomohiro-w/utg/src/src_0508.py      12      0   100%
/work/tomohiro-w/utg/src/src_0509.py      10     10     0%
/work/tomohiro-w/utg/src/src_0510.py      28     28     0%
/work/tomohiro-w/utg/src/src_0511.py       9      9     0%
/work/tomohiro-w/utg/src/src_0512.py      14     14     0%
/work/tomohiro-w/utg/src/src_0513.py      11     11     0%
/work/tomohiro-w/utg/src/src_0514.py      18      0   100%
/work/tomohiro-w/utg/src/src_0515.py       9      9     0%
/work/tomohiro-w/utg/src/src_0516.py       9      9     0%
/work/tomohiro-w/utg/src/src_0517.py      15      0   100%
/work/tomohiro-w/utg/src/src_0518.py       8      8     0%
/work/tomohiro-w/utg/src/src_0519.py      15     15     0%
/work/tomohiro-w/utg/src/src_0520.py      12     12     0%
/work/tomohiro-w/utg/src/src_0521.py      20     20     0%
/work/tomohiro-w/utg/src/src_0522.py      11     11     0%
/work/tomohiro-w/utg/src/src_0523.py      24     24     0%
/work/tomohiro-w/utg/src/src_0524.py      13     13     0%
/work/tomohiro-w/utg/src/src_0525.py      24      1    96%
/work/tomohiro-w/utg/src/src_0526.py      19     19     0%
/work/tomohiro-w/utg/src/src_0527.py      18     18     0%
/work/tomohiro-w/utg/src/src_0528.py      18     18     0%
/work/tomohiro-w/utg/src/src_0529.py      19     19     0%
/work/tomohiro-w/utg/src/src_0530.py      20     20     0%
/work/tomohiro-w/utg/src/src_0531.py      24      0   100%
/work/tomohiro-w/utg/src/src_0532.py      16     16     0%
/work/tomohiro-w/utg/src/src_0533.py      21     21     0%
/work/tomohiro-w/utg/src/src_0534.py      18     18     0%
/work/tomohiro-w/utg/src/src_0535.py      16     16     0%
/work/tomohiro-w/utg/src/src_0536.py      26     26     0%
/work/tomohiro-w/utg/src/src_0537.py      10     10     0%
/work/tomohiro-w/utg/src/src_0538.py      11     11     0%
/work/tomohiro-w/utg/src/src_0539.py      12     12     0%
/work/tomohiro-w/utg/src/src_0540.py      21     21     0%
/work/tomohiro-w/utg/src/src_0541.py      16     16     0%
/work/tomohiro-w/utg/src/src_0542.py      16     16     0%
/work/tomohiro-w/utg/src/src_0543.py      13     13     0%
/work/tomohiro-w/utg/src/src_0544.py       6      6     0%
/work/tomohiro-w/utg/src/src_0545.py       7      7     0%
/work/tomohiro-w/utg/src/src_0546.py       9      9     0%
/work/tomohiro-w/utg/src/src_0547.py       8      8     0%
/work/tomohiro-w/utg/src/src_0548.py       9      9     0%
/work/tomohiro-w/utg/src/src_0549.py       9      9     0%
/work/tomohiro-w/utg/src/src_0550.py       9      9     0%
/work/tomohiro-w/utg/src/src_0551.py       8      8     0%
/work/tomohiro-w/utg/src/src_0552.py      21      4    81%
/work/tomohiro-w/utg/src/src_0553.py      16     16     0%
/work/tomohiro-w/utg/src/src_0554.py      15     15     0%
/work/tomohiro-w/utg/src/src_0555.py      12     12     0%
/work/tomohiro-w/utg/src/src_0556.py      11     11     0%
/work/tomohiro-w/utg/src/src_0557.py       9      9     0%
/work/tomohiro-w/utg/src/src_0558.py      15      0   100%
/work/tomohiro-w/utg/src/src_0559.py      15     15     0%
/work/tomohiro-w/utg/src/src_0560.py      10     10     0%
/work/tomohiro-w/utg/src/src_0561.py      23     23     0%
/work/tomohiro-w/utg/src/src_0562.py       8      8     0%
/work/tomohiro-w/utg/src/src_0563.py      21     21     0%
/work/tomohiro-w/utg/src/src_0564.py      11     11     0%
/work/tomohiro-w/utg/src/src_0565.py      15     15     0%
/work/tomohiro-w/utg/src/src_0566.py      12     12     0%
/work/tomohiro-w/utg/src/src_0567.py       5      5     0%
/work/tomohiro-w/utg/src/src_0568.py      16     16     0%
/work/tomohiro-w/utg/src/src_0569.py      15     15     0%
/work/tomohiro-w/utg/src/src_0570.py      10      0   100%
/work/tomohiro-w/utg/src/src_0571.py       8      8     0%
/work/tomohiro-w/utg/src/src_0572.py      19     19     0%
/work/tomohiro-w/utg/src/src_0573.py      11     11     0%
/work/tomohiro-w/utg/src/src_0574.py       9      9     0%
/work/tomohiro-w/utg/src/src_0575.py      16     16     0%
/work/tomohiro-w/utg/src/src_0576.py      10     10     0%
/work/tomohiro-w/utg/src/src_0577.py      13     13     0%
/work/tomohiro-w/utg/src/src_0578.py      14     14     0%
/work/tomohiro-w/utg/src/src_0579.py      18     18     0%
/work/tomohiro-w/utg/src/src_0580.py      23     23     0%
/work/tomohiro-w/utg/src/src_0581.py      18     18     0%
/work/tomohiro-w/utg/src/src_0582.py      13     13     0%
/work/tomohiro-w/utg/src/src_0583.py      15     15     0%
/work/tomohiro-w/utg/src/src_0584.py      16     16     0%
/work/tomohiro-w/utg/src/src_0585.py      17     17     0%
/work/tomohiro-w/utg/src/src_0586.py      16     16     0%
/work/tomohiro-w/utg/src/src_0587.py      18     18     0%
/work/tomohiro-w/utg/src/src_0588.py      25     25     0%
/work/tomohiro-w/utg/src/src_0589.py      11     11     0%
/work/tomohiro-w/utg/src/src_0590.py      17     17     0%
/work/tomohiro-w/utg/src/src_0591.py      18     18     0%
/work/tomohiro-w/utg/src/src_0592.py      22     22     0%
/work/tomohiro-w/utg/src/src_0593.py      18     18     0%
/work/tomohiro-w/utg/src/src_0594.py      28     28     0%
/work/tomohiro-w/utg/src/src_0595.py      21     21     0%
/work/tomohiro-w/utg/src/src_0596.py      12     12     0%
/work/tomohiro-w/utg/src/src_0597.py      21     21     0%
/work/tomohiro-w/utg/src/src_0598.py      11      0   100%
/work/tomohiro-w/utg/src/src_0599.py      12     12     0%
/work/tomohiro-w/utg/src/src_0600.py      18     18     0%
/work/tomohiro-w/utg/src/src_0601.py       9      9     0%
/work/tomohiro-w/utg/src/src_0602.py      20     20     0%
/work/tomohiro-w/utg/src/src_0603.py      10     10     0%
/work/tomohiro-w/utg/src/src_0604.py       6      6     0%
/work/tomohiro-w/utg/src/src_0605.py      11     11     0%
/work/tomohiro-w/utg/src/src_0606.py       7      7     0%
/work/tomohiro-w/utg/src/src_0607.py       7      0   100%
/work/tomohiro-w/utg/src/src_0608.py      13     13     0%
/work/tomohiro-w/utg/src/src_0609.py      14     14     0%
/work/tomohiro-w/utg/src/src_0610.py      13     13     0%
/work/tomohiro-w/utg/src/src_0611.py      13     13     0%
/work/tomohiro-w/utg/src/src_0612.py      13     13     0%
/work/tomohiro-w/utg/src/src_0613.py      15      0   100%
/work/tomohiro-w/utg/src/src_0614.py      22     22     0%
/work/tomohiro-w/utg/src/src_0615.py      12     12     0%
/work/tomohiro-w/utg/src/src_0616.py      16     16     0%
/work/tomohiro-w/utg/src/src_0617.py      20      1    95%
/work/tomohiro-w/utg/src/src_0618.py      26     26     0%
/work/tomohiro-w/utg/src/src_0619.py      19     19     0%
/work/tomohiro-w/utg/src/src_0620.py      19     19     0%
/work/tomohiro-w/utg/src/src_0621.py       8      8     0%
/work/tomohiro-w/utg/src/src_0622.py      13     13     0%
/work/tomohiro-w/utg/src/src_0623.py      16     16     0%
/work/tomohiro-w/utg/src/src_0624.py      11     11     0%
/work/tomohiro-w/utg/src/src_0625.py      11     11     0%
/work/tomohiro-w/utg/src/src_0626.py      10     10     0%
/work/tomohiro-w/utg/src/src_0627.py      10     10     0%
/work/tomohiro-w/utg/src/src_0628.py      12      0   100%
/work/tomohiro-w/utg/src/src_0629.py      16     16     0%
/work/tomohiro-w/utg/src/src_0630.py      17     17     0%
/work/tomohiro-w/utg/src/src_0631.py      11     11     0%
/work/tomohiro-w/utg/src/src_0632.py       9      9     0%
/work/tomohiro-w/utg/src/src_0633.py      15     15     0%
/work/tomohiro-w/utg/src/src_0634.py      10     10     0%
/work/tomohiro-w/utg/src/src_0635.py       7      7     0%
/work/tomohiro-w/utg/src/src_0636.py      28     28     0%
/work/tomohiro-w/utg/src/src_0637.py      16     16     0%
/work/tomohiro-w/utg/src/src_0638.py      17     17     0%
/work/tomohiro-w/utg/src/src_0639.py       8      8     0%
/work/tomohiro-w/utg/src/src_0640.py      11     11     0%
/work/tomohiro-w/utg/src/src_0641.py      19     19     0%
/work/tomohiro-w/utg/src/src_0642.py      12      3    75%
/work/tomohiro-w/utg/src/src_0643.py      15     15     0%
/work/tomohiro-w/utg/src/src_0644.py       8      0   100%
/work/tomohiro-w/utg/src/src_0645.py      13     13     0%
/work/tomohiro-w/utg/src/src_0646.py      11     11     0%
/work/tomohiro-w/utg/src/src_0647.py      10     10     0%
/work/tomohiro-w/utg/src/src_0648.py      11     11     0%
/work/tomohiro-w/utg/src/src_0649.py      10     10     0%
/work/tomohiro-w/utg/src/src_0650.py       9      9     0%
/work/tomohiro-w/utg/src/src_0651.py      10      0   100%
/work/tomohiro-w/utg/src/src_0652.py      13     13     0%
/work/tomohiro-w/utg/src/src_0653.py      21     21     0%
/work/tomohiro-w/utg/src/src_0654.py       8      8     0%
/work/tomohiro-w/utg/src/src_0655.py      20     20     0%
/work/tomohiro-w/utg/src/src_0656.py      23     23     0%
/work/tomohiro-w/utg/src/src_0657.py      12     12     0%
/work/tomohiro-w/utg/src/src_0658.py      13     13     0%
/work/tomohiro-w/utg/src/src_0659.py      14     14     0%
/work/tomohiro-w/utg/src/src_0660.py      12     12     0%
/work/tomohiro-w/utg/src/src_0661.py      12      0   100%
/work/tomohiro-w/utg/src/src_0662.py      11     11     0%
/work/tomohiro-w/utg/src/src_0663.py      12      0   100%
/work/tomohiro-w/utg/src/src_0664.py      13     13     0%
/work/tomohiro-w/utg/src/src_0665.py      15     15     0%
/work/tomohiro-w/utg/src/src_0666.py      10     10     0%
/work/tomohiro-w/utg/src/src_0667.py      12     12     0%
/work/tomohiro-w/utg/src/src_0668.py       6      0   100%
/work/tomohiro-w/utg/src/src_0669.py      12     12     0%
/work/tomohiro-w/utg/src/src_0670.py       7      7     0%
/work/tomohiro-w/utg/src/src_0671.py      12      0   100%
/work/tomohiro-w/utg/src/src_0672.py      13     13     0%
/work/tomohiro-w/utg/src/src_0673.py      15     15     0%
/work/tomohiro-w/utg/src/src_0674.py      11     11     0%
/work/tomohiro-w/utg/src/src_0675.py      14     14     0%
/work/tomohiro-w/utg/src/src_0676.py      11     11     0%
/work/tomohiro-w/utg/src/src_0677.py      12     12     0%
/work/tomohiro-w/utg/src/src_0678.py       8      8     0%
/work/tomohiro-w/utg/src/src_0679.py      21     10    52%
/work/tomohiro-w/utg/src/src_0680.py       6      6     0%
/work/tomohiro-w/utg/src/src_0681.py      10     10     0%
/work/tomohiro-w/utg/src/src_0682.py      10     10     0%
/work/tomohiro-w/utg/src/src_0683.py       8      8     0%
/work/tomohiro-w/utg/src/src_0684.py      10     10     0%
/work/tomohiro-w/utg/src/src_0685.py       6      0   100%
/work/tomohiro-w/utg/src/src_0686.py       5      5     0%
/work/tomohiro-w/utg/src/src_0687.py       7      7     0%
/work/tomohiro-w/utg/src/src_0688.py       6      0   100%
/work/tomohiro-w/utg/src/src_0689.py       6      6     0%
/work/tomohiro-w/utg/src/src_0690.py       9      9     0%
/work/tomohiro-w/utg/src/src_0691.py       9      9     0%
/work/tomohiro-w/utg/src/src_0692.py      10     10     0%
/work/tomohiro-w/utg/src/src_0693.py       5      0   100%
/work/tomohiro-w/utg/src/src_0694.py       7      0   100%
/work/tomohiro-w/utg/src/src_0695.py       6      6     0%
/work/tomohiro-w/utg/src/src_0696.py       7      0   100%
/work/tomohiro-w/utg/src/src_0697.py      13      0   100%
/work/tomohiro-w/utg/src/src_0698.py       7      7     0%
/work/tomohiro-w/utg/src/src_0699.py       7      7     0%
/work/tomohiro-w/utg/src/src_0700.py       6      6     0%
/work/tomohiro-w/utg/src/src_0701.py       8      0   100%
/work/tomohiro-w/utg/src/src_0702.py       8      8     0%
/work/tomohiro-w/utg/src/src_0703.py       7      0   100%
/work/tomohiro-w/utg/src/src_0704.py       7      4    43%
/work/tomohiro-w/utg/src/src_0705.py      14     14     0%
/work/tomohiro-w/utg/src/src_0706.py       9      9     0%
/work/tomohiro-w/utg/src/src_0707.py      16      1    94%
/work/tomohiro-w/utg/src/src_0708.py       8      0   100%
/work/tomohiro-w/utg/src/src_0709.py      14     14     0%
/work/tomohiro-w/utg/src/src_0710.py      10     10     0%
/work/tomohiro-w/utg/src/src_0711.py       9      9     0%
/work/tomohiro-w/utg/src/src_0712.py      10     10     0%
/work/tomohiro-w/utg/src/src_0713.py       9      1    89%
/work/tomohiro-w/utg/src/src_0714.py      16     16     0%
/work/tomohiro-w/utg/src/src_0715.py       7      7     0%
/work/tomohiro-w/utg/src/src_0716.py       8      8     0%
/work/tomohiro-w/utg/src/src_0717.py      14     14     0%
/work/tomohiro-w/utg/src/src_0718.py      18     18     0%
/work/tomohiro-w/utg/src/src_0719.py      10     10     0%
/work/tomohiro-w/utg/src/src_0720.py      12      4    67%
/work/tomohiro-w/utg/src/src_0721.py      19     19     0%
/work/tomohiro-w/utg/src/src_0722.py      16     16     0%
/work/tomohiro-w/utg/src/src_0723.py      14     14     0%
/work/tomohiro-w/utg/src/src_0724.py      21     21     0%
/work/tomohiro-w/utg/src/src_0725.py       8      8     0%
/work/tomohiro-w/utg/src/src_0726.py      10     10     0%
/work/tomohiro-w/utg/src/src_0727.py      13     13     0%
/work/tomohiro-w/utg/src/src_0728.py       9      9     0%
/work/tomohiro-w/utg/src/src_0729.py      16     16     0%
/work/tomohiro-w/utg/src/src_0730.py      13     13     0%
/work/tomohiro-w/utg/src/src_0731.py      10      0   100%
/work/tomohiro-w/utg/src/src_0732.py      12     12     0%
/work/tomohiro-w/utg/src/src_0733.py      11     11     0%
/work/tomohiro-w/utg/src/src_0734.py      12     12     0%
/work/tomohiro-w/utg/src/src_0735.py       9      9     0%
/work/tomohiro-w/utg/src/src_0736.py       7      7     0%
/work/tomohiro-w/utg/src/src_0737.py       6      6     0%
/work/tomohiro-w/utg/src/src_0738.py      22      1    95%
/work/tomohiro-w/utg/src/src_0739.py       6      0   100%
/work/tomohiro-w/utg/src/src_0740.py       9      9     0%
/work/tomohiro-w/utg/src/src_0741.py       7      0   100%
/work/tomohiro-w/utg/src/src_0742.py       7      7     0%
/work/tomohiro-w/utg/src/src_0743.py      11     11     0%
/work/tomohiro-w/utg/src/src_0744.py      14     14     0%
/work/tomohiro-w/utg/src/src_0745.py      12     12     0%
/work/tomohiro-w/utg/src/src_0746.py       9      9     0%
/work/tomohiro-w/utg/src/src_0747.py      18     18     0%
/work/tomohiro-w/utg/src/src_0748.py       7      0   100%
/work/tomohiro-w/utg/src/src_0749.py       9      9     0%
/work/tomohiro-w/utg/src/src_0750.py       7      7     0%
/work/tomohiro-w/utg/src/src_0751.py      14     14     0%
/work/tomohiro-w/utg/src/src_0752.py       7      0   100%
/work/tomohiro-w/utg/src/src_0753.py      22     22     0%
/work/tomohiro-w/utg/src/src_0754.py      14     14     0%
/work/tomohiro-w/utg/src/src_0755.py      13      0   100%
/work/tomohiro-w/utg/src/src_0756.py      10      4    60%
/work/tomohiro-w/utg/src/src_0757.py      14     14     0%
/work/tomohiro-w/utg/src/src_0758.py       6      6     0%
/work/tomohiro-w/utg/src/src_0759.py      14     14     0%
/work/tomohiro-w/utg/src/src_0760.py      10     10     0%
/work/tomohiro-w/utg/src/src_0761.py      19     19     0%
/work/tomohiro-w/utg/src/src_0762.py      15      1    93%
/work/tomohiro-w/utg/src/src_0763.py      14     14     0%
/work/tomohiro-w/utg/src/src_0764.py      18     18     0%
/work/tomohiro-w/utg/src/src_0765.py      21     21     0%
/work/tomohiro-w/utg/src/src_0766.py      13      4    69%
/work/tomohiro-w/utg/src/src_0767.py      13     13     0%
/work/tomohiro-w/utg/src/src_0768.py       7      7     0%
/work/tomohiro-w/utg/src/src_0769.py      14     14     0%
/work/tomohiro-w/utg/src/src_0770.py       7      7     0%
/work/tomohiro-w/utg/src/src_0771.py      15     15     0%
/work/tomohiro-w/utg/src/src_0772.py      19     19     0%
/work/tomohiro-w/utg/src/src_0773.py      11      0   100%
/work/tomohiro-w/utg/src/src_0774.py      16     16     0%
/work/tomohiro-w/utg/src/src_0775.py      12     12     0%
/work/tomohiro-w/utg/src/src_0776.py      14     14     0%
/work/tomohiro-w/utg/src/src_0777.py      19     19     0%
/work/tomohiro-w/utg/src/src_0778.py      17     17     0%
/work/tomohiro-w/utg/src/src_0779.py      11      1    91%
/work/tomohiro-w/utg/src/src_0780.py      28     28     0%
/work/tomohiro-w/utg/src/src_0781.py      18     18     0%
/work/tomohiro-w/utg/src/src_0782.py      10     10     0%
/work/tomohiro-w/utg/src/src_0783.py      16      0   100%
/work/tomohiro-w/utg/src/src_0784.py       9      9     0%
/work/tomohiro-w/utg/src/src_0785.py      19     19     0%
/work/tomohiro-w/utg/src/src_0786.py      20     20     0%
/work/tomohiro-w/utg/src/src_0787.py      18     18     0%
/work/tomohiro-w/utg/src/src_0788.py      13     13     0%
/work/tomohiro-w/utg/src/src_0789.py      12     12     0%
/work/tomohiro-w/utg/src/src_0790.py       9      9     0%
/work/tomohiro-w/utg/src/src_0791.py      11     11     0%
/work/tomohiro-w/utg/src/src_0792.py      13     13     0%
/work/tomohiro-w/utg/src/src_0793.py      12     12     0%
/work/tomohiro-w/utg/src/src_0794.py      10     10     0%
/work/tomohiro-w/utg/src/src_0795.py       6      6     0%
/work/tomohiro-w/utg/src/src_0796.py      11     11     0%
/work/tomohiro-w/utg/src/src_0797.py      10      3    70%
/work/tomohiro-w/utg/src/src_0798.py       7      7     0%
/work/tomohiro-w/utg/src/src_0799.py      14     14     0%
/work/tomohiro-w/utg/src/src_0800.py      18     18     0%
/work/tomohiro-w/utg/src/src_0801.py      24     10    58%
/work/tomohiro-w/utg/src/src_0802.py      16     16     0%
/work/tomohiro-w/utg/src/src_0803.py      10     10     0%
/work/tomohiro-w/utg/src/src_0804.py      10     10     0%
/work/tomohiro-w/utg/src/src_0805.py      18     18     0%
/work/tomohiro-w/utg/src/src_0806.py       8      8     0%
/work/tomohiro-w/utg/src/src_0807.py      12     12     0%
/work/tomohiro-w/utg/src/src_0808.py       9      9     0%
/work/tomohiro-w/utg/src/src_0809.py      12     12     0%
/work/tomohiro-w/utg/src/src_0810.py       7      0   100%
/work/tomohiro-w/utg/src/src_0811.py      14      7    50%
/work/tomohiro-w/utg/src/src_0812.py      14     14     0%
/work/tomohiro-w/utg/src/src_0813.py      15     15     0%
/work/tomohiro-w/utg/src/src_0814.py       6      6     0%
/work/tomohiro-w/utg/src/src_0815.py      14     14     0%
/work/tomohiro-w/utg/src/src_0816.py      10     10     0%
/work/tomohiro-w/utg/src/src_0817.py      13     13     0%
/work/tomohiro-w/utg/src/src_0818.py      23     23     0%
/work/tomohiro-w/utg/src/src_0819.py       7      0   100%
/work/tomohiro-w/utg/src/src_0820.py      19      0   100%
/work/tomohiro-w/utg/src/src_0821.py       9      0   100%
/work/tomohiro-w/utg/src/src_0822.py      12     12     0%
/work/tomohiro-w/utg/src/src_0823.py      17     17     0%
/work/tomohiro-w/utg/src/src_0824.py      13      0   100%
/work/tomohiro-w/utg/src/src_0825.py       7      0   100%
/work/tomohiro-w/utg/src/src_0826.py       7      7     0%
/work/tomohiro-w/utg/src/src_0827.py      14     14     0%
/work/tomohiro-w/utg/src/src_0828.py       6      6     0%
/work/tomohiro-w/utg/src/src_0829.py      13     13     0%
/work/tomohiro-w/utg/src/src_0830.py      11     11     0%
/work/tomohiro-w/utg/src/src_0831.py      16      4    75%
/work/tomohiro-w/utg/src/src_0832.py       6      6     0%
/work/tomohiro-w/utg/src/src_0833.py      13     13     0%
/work/tomohiro-w/utg/src/src_0834.py       9      0   100%
/work/tomohiro-w/utg/src/src_0835.py      11     11     0%
/work/tomohiro-w/utg/src/src_0836.py       7      7     0%
/work/tomohiro-w/utg/src/src_0837.py      16     16     0%
/work/tomohiro-w/utg/src/src_0838.py      10     10     0%
/work/tomohiro-w/utg/src/src_0839.py       9      9     0%
/work/tomohiro-w/utg/src/src_0840.py      11     11     0%
/work/tomohiro-w/utg/src/src_0841.py       7      7     0%
/work/tomohiro-w/utg/src/src_0842.py      16      0   100%
/work/tomohiro-w/utg/src/src_0843.py      15     15     0%
/work/tomohiro-w/utg/src/src_0844.py      14     14     0%
/work/tomohiro-w/utg/src/src_0845.py      19     19     0%
/work/tomohiro-w/utg/src/src_0846.py      20      1    95%
/work/tomohiro-w/utg/src/src_0847.py      10     10     0%
/work/tomohiro-w/utg/src/src_0848.py      15     15     0%
/work/tomohiro-w/utg/src/src_0849.py      10     10     0%
/work/tomohiro-w/utg/src/src_0850.py      12     12     0%
/work/tomohiro-w/utg/src/src_0851.py      13     13     0%
/work/tomohiro-w/utg/src/src_0852.py       8      8     0%
/work/tomohiro-w/utg/src/src_0853.py      14     14     0%
/work/tomohiro-w/utg/src/src_0854.py      18     18     0%
/work/tomohiro-w/utg/src/src_0855.py      15      1    93%
/work/tomohiro-w/utg/src/src_0856.py       8      8     0%
/work/tomohiro-w/utg/src/src_0857.py      13     13     0%
/work/tomohiro-w/utg/src/src_0858.py      17     17     0%
/work/tomohiro-w/utg/src/src_0859.py      10     10     0%
/work/tomohiro-w/utg/src/src_0860.py      18      2    89%
/work/tomohiro-w/utg/src/src_0861.py       9      9     0%
/work/tomohiro-w/utg/src/src_0862.py      12     12     0%
/work/tomohiro-w/utg/src/src_0863.py      11     11     0%
/work/tomohiro-w/utg/src/src_0864.py       9      0   100%
/work/tomohiro-w/utg/src/src_0865.py      11     11     0%
/work/tomohiro-w/utg/src/src_0866.py      11     11     0%
/work/tomohiro-w/utg/src/src_0867.py       8      8     0%
/work/tomohiro-w/utg/src/src_0868.py       9      9     0%
/work/tomohiro-w/utg/src/src_0869.py      11     11     0%
/work/tomohiro-w/utg/src/src_0870.py      15     15     0%
/work/tomohiro-w/utg/src/src_0871.py      13      0   100%
/work/tomohiro-w/utg/src/src_0872.py      14      1    93%
/work/tomohiro-w/utg/src/src_0873.py       6      0   100%
/work/tomohiro-w/utg/src/src_0874.py      13     13     0%
/work/tomohiro-w/utg/src/src_0875.py       8      0   100%
/work/tomohiro-w/utg/src/src_0876.py      11      0   100%
/work/tomohiro-w/utg/src/src_0877.py      13     13     0%
/work/tomohiro-w/utg/src/src_0878.py      15     15     0%
/work/tomohiro-w/utg/src/src_0879.py      14     14     0%
/work/tomohiro-w/utg/src/src_0880.py      17     17     0%
/work/tomohiro-w/utg/src/src_0881.py       8      8     0%
/work/tomohiro-w/utg/src/src_0882.py      12     12     0%
/work/tomohiro-w/utg/src/src_0883.py      12     12     0%
/work/tomohiro-w/utg/src/src_0884.py      11     11     0%
/work/tomohiro-w/utg/src/src_0885.py      15     15     0%
/work/tomohiro-w/utg/src/src_0886.py      18     18     0%
/work/tomohiro-w/utg/src/src_0887.py      10     10     0%
/work/tomohiro-w/utg/src/src_0888.py      11     11     0%
/work/tomohiro-w/utg/src/src_0889.py       9      9     0%
/work/tomohiro-w/utg/src/src_0890.py      13     13     0%
/work/tomohiro-w/utg/src/src_0891.py      13     13     0%
/work/tomohiro-w/utg/src/src_0892.py      12     12     0%
/work/tomohiro-w/utg/src/src_0893.py       9      9     0%
/work/tomohiro-w/utg/src/src_0894.py      18     18     0%
/work/tomohiro-w/utg/src/src_0895.py      18     18     0%
/work/tomohiro-w/utg/src/src_0896.py      13     13     0%
/work/tomohiro-w/utg/src/src_0897.py       8      8     0%
/work/tomohiro-w/utg/src/src_0898.py      15     15     0%
/work/tomohiro-w/utg/src/src_0899.py       8      8     0%
/work/tomohiro-w/utg/src/src_0900.py       9      9     0%
/work/tomohiro-w/utg/src/src_0901.py      14     14     0%
/work/tomohiro-w/utg/src/src_0902.py       9      9     0%
/work/tomohiro-w/utg/src/src_0903.py      10     10     0%
/work/tomohiro-w/utg/src/src_0904.py       9      9     0%
/work/tomohiro-w/utg/src/src_0905.py      13      0   100%
/work/tomohiro-w/utg/src/src_0906.py      11      4    64%
/work/tomohiro-w/utg/src/src_0907.py      14     14     0%
/work/tomohiro-w/utg/src/src_0908.py      11     11     0%
/work/tomohiro-w/utg/src/src_0909.py      13     13     0%
/work/tomohiro-w/utg/src/src_0910.py       9      9     0%
/work/tomohiro-w/utg/src/src_0911.py      12     12     0%
/work/tomohiro-w/utg/src/src_0912.py       8      8     0%
/work/tomohiro-w/utg/src/src_0913.py       6      6     0%
/work/tomohiro-w/utg/src/src_0914.py      17     17     0%
/work/tomohiro-w/utg/src/src_0915.py      17     17     0%
/work/tomohiro-w/utg/src/src_0916.py      14     14     0%
/work/tomohiro-w/utg/src/src_0917.py      12     12     0%
/work/tomohiro-w/utg/src/src_0918.py      15     15     0%
/work/tomohiro-w/utg/src/src_0919.py       9      9     0%
/work/tomohiro-w/utg/src/src_0920.py      16     16     0%
/work/tomohiro-w/utg/src/src_0921.py       8      8     0%
/work/tomohiro-w/utg/src/src_0922.py       8      8     0%
/work/tomohiro-w/utg/src/src_0923.py       7      7     0%
/work/tomohiro-w/utg/src/src_0924.py      13     13     0%
/work/tomohiro-w/utg/src/src_0925.py      12     12     0%
/work/tomohiro-w/utg/src/src_0926.py       7      7     0%
/work/tomohiro-w/utg/src/src_0927.py       9      9     0%
/work/tomohiro-w/utg/src/src_0928.py       8      8     0%
/work/tomohiro-w/utg/src/src_0929.py      10     10     0%
/work/tomohiro-w/utg/src/src_0930.py       9      9     0%
/work/tomohiro-w/utg/src/src_0931.py      11     11     0%
/work/tomohiro-w/utg/src/src_0932.py       9      9     0%
/work/tomohiro-w/utg/src/src_0933.py      10     10     0%
/work/tomohiro-w/utg/src/src_0934.py       6      0   100%
/work/tomohiro-w/utg/src/src_0935.py       6      6     0%
/work/tomohiro-w/utg/src/src_0936.py      11     11     0%
/work/tomohiro-w/utg/src/src_0937.py      15     15     0%
/work/tomohiro-w/utg/src/src_0938.py       6      0   100%
/work/tomohiro-w/utg/src/src_0939.py       9      9     0%
/work/tomohiro-w/utg/src/src_0940.py      12     12     0%
/work/tomohiro-w/utg/src/src_0941.py       8      8     0%
/work/tomohiro-w/utg/src/src_0942.py      15     15     0%
/work/tomohiro-w/utg/src/src_0943.py      21     21     0%
/work/tomohiro-w/utg/src/src_0944.py      12     12     0%
/work/tomohiro-w/utg/src/src_0945.py      18     18     0%
/work/tomohiro-w/utg/src/src_0946.py      14     14     0%
/work/tomohiro-w/utg/src/src_0947.py      10     10     0%
/work/tomohiro-w/utg/src/src_0948.py      12      0   100%
/work/tomohiro-w/utg/src/src_0949.py       8      8     0%
/work/tomohiro-w/utg/src/src_0950.py       8      8     0%
/work/tomohiro-w/utg/src/src_0951.py       7      0   100%
/work/tomohiro-w/utg/src/src_0952.py      16     16     0%
/work/tomohiro-w/utg/src/src_0953.py      18     18     0%
/work/tomohiro-w/utg/src/src_0954.py      21      1    95%
/work/tomohiro-w/utg/src/src_0955.py      15     15     0%
/work/tomohiro-w/utg/src/src_0956.py      17     17     0%
/work/tomohiro-w/utg/src/src_0957.py      12     12     0%
/work/tomohiro-w/utg/src/src_0958.py       6      0   100%
/work/tomohiro-w/utg/src/src_0959.py      15     15     0%
/work/tomohiro-w/utg/src/src_0960.py      12      0   100%
/work/tomohiro-w/utg/src/src_0961.py      21     21     0%
/work/tomohiro-w/utg/src/src_0962.py      14     14     0%
/work/tomohiro-w/utg/src/src_0963.py      24     24     0%
/work/tomohiro-w/utg/src/src_0964.py      15     15     0%
/work/tomohiro-w/utg/src/src_0965.py      32     32     0%
/work/tomohiro-w/utg/src/src_0966.py      15     15     0%
/work/tomohiro-w/utg/src/src_0967.py      11     11     0%
/work/tomohiro-w/utg/src/src_0968.py      12     12     0%
/work/tomohiro-w/utg/src/src_0969.py      10     10     0%
/work/tomohiro-w/utg/src/src_0970.py      12      0   100%
/work/tomohiro-w/utg/src/src_0971.py      15      1    93%
/work/tomohiro-w/utg/src/src_0972.py      15     15     0%
/work/tomohiro-w/utg/src/src_0973.py      11     11     0%
/work/tomohiro-w/utg/src/src_0974.py      18     18     0%
/work/tomohiro-w/utg/src/src_0975.py      14     14     0%
/work/tomohiro-w/utg/src/src_0976.py       9      9     0%
/work/tomohiro-w/utg/src/src_0977.py      16     16     0%
/work/tomohiro-w/utg/src/src_0978.py      14     14     0%
/work/tomohiro-w/utg/src/src_0979.py      18     18     0%
/work/tomohiro-w/utg/src/src_0980.py      13      0   100%
/work/tomohiro-w/utg/src/src_0981.py      15     15     0%
/work/tomohiro-w/utg/src/src_0982.py      23     23     0%
/work/tomohiro-w/utg/src/src_0983.py      19     19     0%
/work/tomohiro-w/utg/src/src_0984.py      10     10     0%
/work/tomohiro-w/utg/src/src_0985.py      11     11     0%
/work/tomohiro-w/utg/src/src_0986.py      30     30     0%
/work/tomohiro-w/utg/src/src_0987.py      23     23     0%
/work/tomohiro-w/utg/src/src_0988.py      25     25     0%
/work/tomohiro-w/utg/src/src_0989.py      15     15     0%
/work/tomohiro-w/utg/src/src_0990.py      15     15     0%
/work/tomohiro-w/utg/src/src_0991.py      19     19     0%
/work/tomohiro-w/utg/src/src_0992.py       7      7     0%
/work/tomohiro-w/utg/src/src_0993.py      13     13     0%
/work/tomohiro-w/utg/src/src_0994.py      18     18     0%
/work/tomohiro-w/utg/src/src_0995.py      19     19     0%
/work/tomohiro-w/utg/src/src_0996.py      27     27     0%
/work/tomohiro-w/utg/src/src_0997.py      12     12     0%
/work/tomohiro-w/utg/src/src_0998.py      13     13     0%
/work/tomohiro-w/utg/src/src_0999.py      23     23     0%
/work/tomohiro-w/utg/src/src_1000.py      14     14     0%
/work/tomohiro-w/utg/src/src_1001.py      11     11     0%
/work/tomohiro-w/utg/src/src_1002.py      16     16     0%
/work/tomohiro-w/utg/src/src_1003.py      13     13     0%
/work/tomohiro-w/utg/src/src_1004.py      20     20     0%
/work/tomohiro-w/utg/src/src_1005.py      16     16     0%
/work/tomohiro-w/utg/src/src_1006.py      17     17     0%
/work/tomohiro-w/utg/src/src_1007.py      26     26     0%
/work/tomohiro-w/utg/src/src_1008.py      13     13     0%
/work/tomohiro-w/utg/src/src_1009.py      18     18     0%
/work/tomohiro-w/utg/src/src_1010.py      13     13     0%
/work/tomohiro-w/utg/src/src_1011.py      11     11     0%
/work/tomohiro-w/utg/src/src_1012.py      11     11     0%
/work/tomohiro-w/utg/src/src_1013.py      24     24     0%
/work/tomohiro-w/utg/src/src_1014.py      14     14     0%
/work/tomohiro-w/utg/src/src_1015.py      11     11     0%
/work/tomohiro-w/utg/src/src_1016.py      29     29     0%
/work/tomohiro-w/utg/src/src_1017.py      23     23     0%
/work/tomohiro-w/utg/src/src_1018.py      27     27     0%
/work/tomohiro-w/utg/src/src_1019.py      18      2    89%
/work/tomohiro-w/utg/src/src_1020.py      22     22     0%
/work/tomohiro-w/utg/src/src_1021.py      18     18     0%
/work/tomohiro-w/utg/src/src_1022.py      12      0   100%
/work/tomohiro-w/utg/src/src_1023.py      18     18     0%
/work/tomohiro-w/utg/src/src_1024.py      23     23     0%
/work/tomohiro-w/utg/src/src_1025.py      14     14     0%
/work/tomohiro-w/utg/src/src_1026.py      16     16     0%
/work/tomohiro-w/utg/src/src_1027.py      25     25     0%
/work/tomohiro-w/utg/src/src_1028.py       9      9     0%
/work/tomohiro-w/utg/src/src_1029.py      28     28     0%
/work/tomohiro-w/utg/src/src_1030.py       8      8     0%
/work/tomohiro-w/utg/src/src_1031.py       8      8     0%
/work/tomohiro-w/utg/src/src_1032.py      14     14     0%
/work/tomohiro-w/utg/src/src_1033.py      17     17     0%
/work/tomohiro-w/utg/src/src_1034.py      10     10     0%
/work/tomohiro-w/utg/src/src_1035.py      11     11     0%
/work/tomohiro-w/utg/src/src_1036.py      24     24     0%
/work/tomohiro-w/utg/src/src_1037.py      14      0   100%
/work/tomohiro-w/utg/src/src_1038.py      18     18     0%
/work/tomohiro-w/utg/src/src_1039.py       9      9     0%
/work/tomohiro-w/utg/src/src_1040.py      23     23     0%
/work/tomohiro-w/utg/src/src_1041.py      42     42     0%
/work/tomohiro-w/utg/src/src_1042.py      16     16     0%
/work/tomohiro-w/utg/src/src_1043.py      23     23     0%
/work/tomohiro-w/utg/src/src_1044.py      17     17     0%
/work/tomohiro-w/utg/src/src_1045.py      14     14     0%
/work/tomohiro-w/utg/src/src_1046.py      11     11     0%
/work/tomohiro-w/utg/src/src_1047.py       9      9     0%
/work/tomohiro-w/utg/src/src_1048.py      10     10     0%
/work/tomohiro-w/utg/src/src_1049.py      12     12     0%
/work/tomohiro-w/utg/src/src_1050.py       7      7     0%
/work/tomohiro-w/utg/src/src_1051.py      17     17     0%
/work/tomohiro-w/utg/src/src_1052.py      16      0   100%
/work/tomohiro-w/utg/src/src_1053.py      24     24     0%
/work/tomohiro-w/utg/src/src_1054.py      24     24     0%
/work/tomohiro-w/utg/src/src_1055.py      24     24     0%
/work/tomohiro-w/utg/src/src_1056.py      11     11     0%
/work/tomohiro-w/utg/src/src_1057.py      19     19     0%
/work/tomohiro-w/utg/src/src_1058.py      14     14     0%
/work/tomohiro-w/utg/src/src_1059.py      12     12     0%
/work/tomohiro-w/utg/src/src_1060.py      12     12     0%
/work/tomohiro-w/utg/src/src_1061.py      19     19     0%
/work/tomohiro-w/utg/src/src_1062.py      14      0   100%
/work/tomohiro-w/utg/src/src_1063.py      12     12     0%
/work/tomohiro-w/utg/src/src_1064.py      12     12     0%
/work/tomohiro-w/utg/src/src_1065.py       9      9     0%
/work/tomohiro-w/utg/src/src_1066.py       9      9     0%
/work/tomohiro-w/utg/src/src_1067.py      18     18     0%
/work/tomohiro-w/utg/src/src_1068.py      14     14     0%
/work/tomohiro-w/utg/src/src_1069.py      14     14     0%
/work/tomohiro-w/utg/src/src_1070.py      15     15     0%
/work/tomohiro-w/utg/src/src_1071.py      12     12     0%
/work/tomohiro-w/utg/src/src_1072.py      13      0   100%
/work/tomohiro-w/utg/src/src_1073.py      10     10     0%
/work/tomohiro-w/utg/src/src_1074.py      11     11     0%
/work/tomohiro-w/utg/src/src_1075.py      10     10     0%
/work/tomohiro-w/utg/src/src_1076.py      11     11     0%
/work/tomohiro-w/utg/src/src_1077.py      15     15     0%
/work/tomohiro-w/utg/src/src_1078.py      10     10     0%
/work/tomohiro-w/utg/src/src_1079.py      10     10     0%
/work/tomohiro-w/utg/src/src_1080.py      14      0   100%
/work/tomohiro-w/utg/src/src_1081.py      14     14     0%
/work/tomohiro-w/utg/src/src_1082.py      12     12     0%
/work/tomohiro-w/utg/src/src_1083.py      10      0   100%
/work/tomohiro-w/utg/src/src_1084.py      25     25     0%
/work/tomohiro-w/utg/src/src_1085.py      19     19     0%
/work/tomohiro-w/utg/src/src_1086.py      13     13     0%
/work/tomohiro-w/utg/src/src_1087.py       9      9     0%
/work/tomohiro-w/utg/src/src_1088.py      23     23     0%
/work/tomohiro-w/utg/src/src_1089.py      12     12     0%
/work/tomohiro-w/utg/src/src_1090.py       8      8     0%
/work/tomohiro-w/utg/src/src_1091.py      15     15     0%
/work/tomohiro-w/utg/src/src_1092.py      13     13     0%
/work/tomohiro-w/utg/src/src_1093.py      17      6    65%
/work/tomohiro-w/utg/src/src_1094.py       9      0   100%
/work/tomohiro-w/utg/src/src_1095.py       8      8     0%
/work/tomohiro-w/utg/src/src_1096.py      12     12     0%
/work/tomohiro-w/utg/src/src_1097.py      16     16     0%
/work/tomohiro-w/utg/src/src_1098.py      10     10     0%
/work/tomohiro-w/utg/src/src_1099.py       7      0   100%
/work/tomohiro-w/utg/src/src_1100.py      12     12     0%
/work/tomohiro-w/utg/src/src_1101.py      10     10     0%
/work/tomohiro-w/utg/src/src_1102.py      13      4    69%
/work/tomohiro-w/utg/src/src_1103.py      10     10     0%
/work/tomohiro-w/utg/src/src_1104.py      14     14     0%
/work/tomohiro-w/utg/src/src_1105.py      14     14     0%
/work/tomohiro-w/utg/src/src_1106.py      14     14     0%
/work/tomohiro-w/utg/src/src_1107.py      10     10     0%
/work/tomohiro-w/utg/src/src_1108.py       8      8     0%
/work/tomohiro-w/utg/src/src_1109.py      12     12     0%
/work/tomohiro-w/utg/src/src_1110.py      10     10     0%
/work/tomohiro-w/utg/src/src_1111.py       8      8     0%
/work/tomohiro-w/utg/src/src_1112.py      13     13     0%
/work/tomohiro-w/utg/src/src_1113.py      15     15     0%
/work/tomohiro-w/utg/src/src_1114.py      15     15     0%
/work/tomohiro-w/utg/src/src_1115.py      10     10     0%
/work/tomohiro-w/utg/src/src_1116.py       9      9     0%
/work/tomohiro-w/utg/src/src_1117.py      17      1    94%
/work/tomohiro-w/utg/src/src_1118.py      14     14     0%
/work/tomohiro-w/utg/src/src_1119.py      14     14     0%
/work/tomohiro-w/utg/src/src_1120.py      11     11     0%
/work/tomohiro-w/utg/src/src_1121.py      12     12     0%
/work/tomohiro-w/utg/src/src_1122.py      12     12     0%
/work/tomohiro-w/utg/src/src_1123.py      13     13     0%
/work/tomohiro-w/utg/src/src_1124.py      17     17     0%
/work/tomohiro-w/utg/src/src_1125.py      21     21     0%
/work/tomohiro-w/utg/src/src_1126.py       9      9     0%
/work/tomohiro-w/utg/src/src_1127.py       6      6     0%
/work/tomohiro-w/utg/src/src_1128.py      14     14     0%
/work/tomohiro-w/utg/src/src_1129.py      16     16     0%
/work/tomohiro-w/utg/src/src_1130.py      15     15     0%
/work/tomohiro-w/utg/src/src_1131.py      17     17     0%
/work/tomohiro-w/utg/src/src_1132.py      16     16     0%
/work/tomohiro-w/utg/src/src_1133.py      10     10     0%
/work/tomohiro-w/utg/src/src_1134.py      13     13     0%
/work/tomohiro-w/utg/src/src_1135.py      18     18     0%
/work/tomohiro-w/utg/src/src_1136.py       9      9     0%
/work/tomohiro-w/utg/src/src_1137.py      15     15     0%
/work/tomohiro-w/utg/src/src_1138.py      17     17     0%
/work/tomohiro-w/utg/src/src_1139.py       6      0   100%
/work/tomohiro-w/utg/src/src_1140.py      14      9    36%
----------------------------------------------------------
TOTAL                                  15374  13405    13%
